{
    "name": "root",
    "metadata": {
        "timer_format_version": "0.1.0",
        "start_time_seconds": "1741694427",
        "python_version": "3.8.20 (default, Oct  3 2024, 15:19:54) [MSC v.1929 64 bit (AMD64)]",
        "command_line_arguments": "C:\\Users\\ismet bal\\anaconda3\\envs\\flappy_env\\Scripts\\mlagents-learn config.yaml --run-id=flappy_genetic --time-scale=1",
        "mlagents_version": "0.28.0",
        "mlagents_envs_version": "0.28.0",
        "communication_protocol_version": "1.5.0",
        "pytorch_version": "1.8.1+cpu",
        "numpy_version": "1.19.5",
        "end_time_seconds": "1741694472"
    },
    "total": 45.2052225,
    "count": 1,
    "self": 10.010795199999997,
    "children": {
        "run_training.setup": {
            "total": 0.0873797999999999,
            "count": 1,
            "self": 0.0873797999999999
        },
        "TrainerController.start_learning": {
            "total": 35.1070475,
            "count": 1,
            "self": 0.0417293999999373,
            "children": {
                "TrainerController._reset_env": {
                    "total": 7.010118199999999,
                    "count": 1,
                    "self": 7.010118199999999
                },
                "TrainerController.advance": {
                    "total": 27.869118600000068,
                    "count": 1426,
                    "self": 0.03639200000019471,
                    "children": {
                        "env_step": {
                            "total": 27.614416299999963,
                            "count": 1426,
                            "self": 25.55195989999993,
                            "children": {
                                "SubprocessEnvManager._take_step": {
                                    "total": 2.036528399999991,
                                    "count": 1427,
                                    "self": 0.09358219999997353,
                                    "children": {
                                        "TorchPolicy.evaluate": {
                                            "total": 1.9429462000000175,
                                            "count": 1427,
                                            "self": 0.49224820000003255,
                                            "children": {
                                                "TorchPolicy.sample_actions": {
                                                    "total": 1.450697999999985,
                                                    "count": 1427,
                                                    "self": 1.450697999999985
                                                }
                                            }
                                        }
                                    }
                                },
                                "workers": {
                                    "total": 0.025928000000044804,
                                    "count": 1425,
                                    "self": 0.0,
                                    "children": {
                                        "worker_root": {
                                            "total": 23.207167300000023,
                                            "count": 1425,
                                            "is_parallel": true,
                                            "self": 4.133571600000003,
                                            "children": {
                                                "steps_from_proto": {
                                                    "total": 0.0006015999999995358,
                                                    "count": 2,
                                                    "is_parallel": true,
                                                    "self": 0.0003524999999982015,
                                                    "children": {
                                                        "_process_rank_one_or_two_observation": {
                                                            "total": 0.00024910000000133437,
                                                            "count": 4,
                                                            "is_parallel": true,
                                                            "self": 0.00024910000000133437
                                                        }
                                                    }
                                                },
                                                "UnityEnvironment.step": {
                                                    "total": 19.07299410000002,
                                                    "count": 1425,
                                                    "is_parallel": true,
                                                    "self": 0.14118119999998058,
                                                    "children": {
                                                        "UnityEnvironment._generate_step_input": {
                                                            "total": 0.1423268999999694,
                                                            "count": 1425,
                                                            "is_parallel": true,
                                                            "self": 0.1423268999999694
                                                        },
                                                        "communicator.exchange": {
                                                            "total": 18.35464400000008,
                                                            "count": 1425,
                                                            "is_parallel": true,
                                                            "self": 18.35464400000008
                                                        },
                                                        "steps_from_proto": {
                                                            "total": 0.43484199999999085,
                                                            "count": 1425,
                                                            "is_parallel": true,
                                                            "self": 0.2649552000000037,
                                                            "children": {
                                                                "_process_rank_one_or_two_observation": {
                                                                    "total": 0.16988679999998713,
                                                                    "count": 2850,
                                                                    "is_parallel": true,
                                                                    "self": 0.16988679999998713
                                                                }
                                                            }
                                                        }
                                                    }
                                                }
                                            }
                                        }
                                    }
                                }
                            }
                        },
                        "trainer_advance": {
                            "total": 0.21831029999991003,
                            "count": 1425,
                            "self": 0.0468426999999636,
                            "children": {
                                "process_trajectory": {
                                    "total": 0.17146759999994643,
                                    "count": 1425,
                                    "self": 0.17146759999994643
                                }
                            }
                        }
                    }
                },