{
    "name": "root",
    "metadata": {
        "timer_format_version": "0.1.0",
        "start_time_seconds": "1741532536",
        "python_version": "3.8.20 (default, Oct  3 2024, 15:19:54) [MSC v.1929 64 bit (AMD64)]",
        "command_line_arguments": "C:\\Users\\ismet bal\\anaconda3\\envs\\flappy_env\\Scripts\\mlagents-learn config.yaml --run-id=flappy_slow_v17 --time-scale=1",
        "mlagents_version": "0.28.0",
        "mlagents_envs_version": "0.28.0",
        "communication_protocol_version": "1.5.0",
        "pytorch_version": "1.8.1+cpu",
        "numpy_version": "1.19.5",
        "end_time_seconds": "1741532619"
    },
    "total": 82.746283,
    "count": 1,
    "self": 0.008728400000009628,
    "children": {
        "run_training.setup": {
            "total": 0.08683280000000004,
            "count": 1,
            "self": 0.08683280000000004
        },
        "TrainerController.start_learning": {
            "total": 82.6507218,
            "count": 1,
            "self": 0.02562930000001984,
            "children": {
                "TrainerController._reset_env": {
                    "total": 7.1367617,
                    "count": 1,
                    "self": 7.1367617
                },
                "TrainerController.advance": {
                    "total": 75.37047569999999,
                    "count": 952,
                    "self": 0.021875499999993053,
                    "children": {
                        "env_step": {
                            "total": 75.0698883,
                            "count": 952,
                            "self": 74.00875790000003,
                            "children": {
                                "SubprocessEnvManager._take_step": {
                                    "total": 1.0448805999999848,
                                    "count": 952,
                                    "self": 0.051684999999963566,
                                    "children": {
                                        "TorchPolicy.evaluate": {
                                            "total": 0.9931956000000213,
                                            "count": 874,
                                            "self": 0.27093520000003046,
                                            "children": {
                                                "TorchPolicy.sample_actions": {
                                                    "total": 0.7222603999999908,
                                                    "count": 874,
                                                    "self": 0.7222603999999908
                                                }
                                            }
                                        }
                                    }
                                },
                                "workers": {
                                    "total": 0.016249799999986436,
                                    "count": 951,
                                    "self": 0.0,
                                    "children": {
                                        "worker_root": {
                                            "total": 13.980458000000002,
                                            "count": 951,
                                            "is_parallel": true,
                                            "self": 2.459733100000019,
                                            "children": {
                                                "steps_from_proto": {
                                                    "total": 0.0002737000000001544,
                                                    "count": 1,
                                                    "is_parallel": true,
                                                    "self": 0.00015560000000025553,
                                                    "children": {
                                                        "_process_rank_one_or_two_observation": {
                                                            "total": 0.00011809999999989884,
                                                            "count": 2,
                                                            "is_parallel": true,
                                                            "self": 0.00011809999999989884
                                                        }
                                                    }
                                                },
                                                "UnityEnvironment.step": {
                                                    "total": 11.520451199999984,
                                                    "count": 951,
                                                    "is_parallel": true,
                                                    "self": 0.09012790000006454,
                                                    "children": {
                                                        "UnityEnvironment._generate_step_input": {
                                                            "total": 0.07767149999996192,
                                                            "count": 951,
                                                            "is_parallel": true,
                                                            "self": 0.07767149999996192
                                                        },
                                                        "communicator.exchange": {
                                                            "total": 11.073801100000004,
                                                            "count": 951,
                                                            "is_parallel": true,
                                                            "self": 11.073801100000004
                                                        },
                                                        "steps_from_proto": {
                                                            "total": 0.27885069999995427,
                                                            "count": 951,
                                                            "is_parallel": true,
                                                            "self": 0.16488809999993492,
                                                            "children": {
                                                                "_process_rank_one_or_two_observation": {
                                                                    "total": 0.11396260000001934,
                                                                    "count": 1902,
                                                                    "is_parallel": true,
                                                                    "self": 0.11396260000001934
                                                                }
                                                            }
                                                        }
                                                    }
                                                }
                                            }
                                        }
                                    }
                                }
                            }
                        },
                        "trainer_advance": {
                            "total": 0.278711899999994,
                            "count": 951,
                            "self": 0.032499300000067066,
                            "children": {
                                "process_trajectory": {
                                    "total": 0.24621259999992695,
                                    "count": 951,
                                    "self": 0.24621259999992695
                                }
                            }
                        }
                    }
                },