{
    "name": "root",
    "metadata": {
        "timer_format_version": "0.1.0",
        "start_time_seconds": "1741527113",
        "python_version": "3.8.20 (default, Oct  3 2024, 15:19:54) [MSC v.1929 64 bit (AMD64)]",
        "command_line_arguments": "C:\\Users\\ismet bal\\anaconda3\\envs\\flappy_env\\Scripts\\mlagents-learn config.yaml --run-id=flappy_run_06",
        "mlagents_version": "0.28.0",
        "mlagents_envs_version": "0.28.0",
        "communication_protocol_version": "1.5.0",
        "pytorch_version": "1.8.1+cpu",
        "numpy_version": "1.19.5",
        "end_time_seconds": "1741527204"
    },
    "total": 91.248993,
    "count": 1,
    "self": 0.007559499999999275,
    "children": {
        "run_training.setup": {
            "total": 0.08699789999999985,
            "count": 1,
            "self": 0.08699789999999985
        },
        "TrainerController.start_learning": {
            "total": 91.1544356,
            "count": 1,
            "self": 0.10647270000011133,
            "children": {
                "TrainerController._reset_env": {
                    "total": 9.6778703,
                    "count": 1,
                    "self": 9.6778703
                },
                "TrainerController.advance": {
                    "total": 81.2252177999999,
                    "count": 4534,
                    "self": 0.10327759999982788,
                    "children": {
                        "env_step": {
                            "total": 78.27747150000022,
                            "count": 4534,
                            "self": 73.7682798000002,
                            "children": {
                                "SubprocessEnvManager._take_step": {
                                    "total": 4.438396000000065,
                                    "count": 4534,
                                    "self": 0.2269333999999894,
                                    "children": {
                                        "TorchPolicy.evaluate": {
                                            "total": 4.211462600000075,
                                            "count": 4327,
                                            "self": 1.096001800000053,
                                            "children": {
                                                "TorchPolicy.sample_actions": {
                                                    "total": 3.1154608000000223,
                                                    "count": 4327,
                                                    "self": 3.1154608000000223
                                                }
                                            }
                                        }
                                    }
                                },
                                "workers": {
                                    "total": 0.0707956999999464,
                                    "count": 4533,
                                    "self": 0.0,
                                    "children": {
                                        "worker_root": {
                                            "total": 23.67522320000024,
                                            "count": 4533,
                                            "is_parallel": true,
                                            "self": 12.021439200000028,
                                            "children": {
                                                "steps_from_proto": {
                                                    "total": 0.00035989999999941347,
                                                    "count": 1,
                                                    "is_parallel": true,
                                                    "self": 0.00021079999999784604,
                                                    "children": {
                                                        "_process_rank_one_or_two_observation": {
                                                            "total": 0.00014910000000156742,
                                                            "count": 2,
                                                            "is_parallel": true,
                                                            "self": 0.00014910000000156742
                                                        }
                                                    }
                                                },
                                                "UnityEnvironment.step": {
                                                    "total": 11.653424100000212,
                                                    "count": 4533,
                                                    "is_parallel": true,
                                                    "self": 0.3618084000002195,
                                                    "children": {
                                                        "UnityEnvironment._generate_step_input": {
                                                            "total": 0.3122254999999843,
                                                            "count": 4533,
                                                            "is_parallel": true,
                                                            "self": 0.3122254999999843
                                                        },
                                                        "communicator.exchange": {
                                                            "total": 9.707356800000069,
                                                            "count": 4533,
                                                            "is_parallel": true,
                                                            "self": 9.707356800000069
                                                        },
                                                        "steps_from_proto": {
                                                            "total": 1.2720333999999394,
                                                            "count": 4533,
                                                            "is_parallel": true,
                                                            "self": 0.807144299999992,
                                                            "children": {
                                                                "_process_rank_one_or_two_observation": {
                                                                    "total": 0.4648890999999473,
                                                                    "count": 9066,
                                                                    "is_parallel": true,
                                                                    "self": 0.4648890999999473
                                                                }
                                                            }
                                                        }
                                                    }
                                                }
                                            }
                                        }
                                    }
                                }
                            }
                        },
                        "trainer_advance": {
                            "total": 2.8444686999998563,
                            "count": 4533,
                            "self": 0.12718839999988596,
                            "children": {
                                "process_trajectory": {
                                    "total": 0.7193268999999702,
                                    "count": 4533,
                                    "self": 0.7193268999999702
                                },
                                "_update_policy": {
                                    "total": 1.9979534,