{
    "name": "root",
    "gauges": {
        "FlappyBirdAgent.Policy.Entropy.mean": {
            "value": 0.6918357610702515,
            "min": 0.6918357610702515,
            "max": 0.6918357610702515,
            "count": 1
        },
        "FlappyBirdAgent.Policy.Entropy.sum": {
            "value": 6932.88623046875,
            "min": 6932.88623046875,
            "max": 6932.88623046875,
            "count": 1
        },
        "FlappyBirdAgent.Environment.EpisodeLength.mean": {
            "value": 7.806508355321021,
            "min": 7.806508355321021,
            "max": 7.806508355321021,
            "count": 1
        },
        "FlappyBirdAgent.Environment.EpisodeLength.sum": {
            "value": 8876.0,
            "min": 8876.0,
            "max": 8876.0,
            "count": 1
        },
        "FlappyBirdAgent.Step.mean": {
            "value": 9998.0,
            "min": 9998.0,
            "max": 9998.0,
            "count": 1
        },
        "FlappyBirdAgent.Step.sum": {
            "value": 9998.0,
            "min": 9998.0,
            "max": 9998.0,
            "count": 1
        },
        "FlappyBirdAgent.Policy.ExtrinsicValueEstimate.mean": {
            "value": -0.6154038310050964,
            "min": -0.6154038310050964,
            "max": -0.6154038310050964,
            "count": 1
        },
        "FlappyBirdAgent.Policy.ExtrinsicValueEstimate.sum": {
            "value": -697.2525634765625,
            "min": -697.2525634765625,
            "max": -697.2525634765625,
            "count": 1
        },
        "FlappyBirdAgent.Environment.CumulativeReward.mean": {
            "value": -1.0211165312214014,
            "min": -1.0211165312214014,
            "max": -1.0211165312214014,
            "count": 1
        },
        "FlappyBirdAgent.Environment.CumulativeReward.sum": {
            "value": -1156.925029873848,
            "min": -1156.925029873848,
            "max": -1156.925029873848,
            "count": 1
        },
        "FlappyBirdAgent.Policy.ExtrinsicReward.mean": {
            "value": -1.0211165312214014,
            "min": -1.0211165312214014,
            "max": -1.0211165312214014,
            "count": 1
        },
        "FlappyBirdAgent.Policy.ExtrinsicReward.sum": {
            "value": -1156.925029873848,
            "min": -1156.925029873848,
            "max": -1156.925029873848,
            "count": 1
        },
        "FlappyBirdAgent.Losses.PolicyLoss.mean": {
            "value": 0.10231981267861556,
            "min": 0.10231981267861556,
            "max": 0.10231981267861556,
            "count": 1
        },
        "FlappyBirdAgent.Losses.PolicyLoss.sum": {
            "value": 0.40927925071446225,
            "min": 0.40927925071446225,
            "max": 0.40927925071446225,
            "count": 1
        },
        "FlappyBirdAgent.Losses.ValueLoss.mean": {
            "value": 0.07888405107951257,
            "min": 0.07888405107951257,
            "max": 0.07888405107951257,
            "count": 1
        },
        "FlappyBirdAgent.Losses.ValueLoss.sum": {
            "value": 0.3155362043180503,
            "min": 0.3155362043180503,
            "max": 0.3155362043180503,
            "count": 1
        },
        "FlappyBirdAgent.Policy.LearningRate.mean": {
            "value": 0.00029690175103274996,
            "min": 0.00029690175103274996,
            "max": 0.00029690175103274996,
            "count": 1
        },
        "FlappyBirdAgent.Policy.LearningRate.sum": {
            "value": 0.0011876070041309998,
            "min": 0.0011876070041309998,
            "max": 0.0011876070041309998,
            "count": 1
        },
        "FlappyBirdAgent.Policy.Epsilon.mean": {
            "value": 0.19896725,
            "min": 0.19896725,
            "max": 0.19896725,
            "count": 1
        },
        "FlappyBirdAgent.Policy.Epsilon.sum": {
            "value": 0.795869,
            "min": 0.795869,
            "max": 0.795869,
            "count": 1
        },
        "FlappyBirdAgent.Policy.Beta.mean": {
            "value": 0.000494939525,
            "min": 0.000494939525,
            "max": 0.000494939525,
            "count": 1
        },
        "FlappyBirdAgent.Policy.Beta.sum": {
            "value": 0.0019797581,
            "min": 0.0019797581,
            "max": 0.0019797581,
            "count": 1
        },
        "FlappyBirdAgent.IsTraining.mean": {
            "value": 1.0,
            "min": 1.0,
            "max": 1.0,
            "count": 1
        },
        "FlappyBirdAgent.IsTraining.sum": {
            "value": 1.0,
            "min": 1.0,
            "max": 1.0,
            "count": 1
        }
    },
    "metadata": {
        "timer_format_version": "0.1.0",
        "start_time_seconds": "1741527979",
        "python_version": "3.8.20 (default, Oct  3 2024, 15:19:54) [MSC v.1929 64 bit (AMD64)]",
        "command_line_arguments": "C:\\Users\\ismet bal\\anaconda3\\envs\\flappy_env\\Scripts\\mlagents-learn config.yaml --run-id=flappyBirdRun --time-scale=20",
        "mlagents_version": "0.28.0",
        "mlagents_envs_version": "0.28.0",
        "communication_protocol_version": "1.5.0",
        "pytorch_version": "1.8.1+cpu",
        "numpy_version": "1.19.5",
        "end_time_seconds": "1741528016"
    },
    "total": 37.0228753,
    "count": 1,
    "self": 0.007107500000003597,
    "children": {
        "run_training.setup": {
            "total": 0.0845667000000001,
            "count": 1,
            "self": 0.0845667000000001
        },
        "TrainerController.start_learning": {
            "total": 36.931201099999996,
            "count": 1,
            "self": 0.05124500000000154,
            "children": {
                "TrainerController._reset_env": {
                    "total": 7.4731652,
                    "count": 1,
                    "self": 7.4731652
                },
                "TrainerController.advance": {
                    "total": 29.297497199999988,
                    "count": 1935,
                    "self": 0.04587089999999705,
                    "children": {
                        "env_step": {
                            "total": 20.27186880000002,
                            "count": 1935,
                            "self": 18.880383800000033,
                            "children": {
                                "SubprocessEnvManager._take_step": {
                                    "total": 1.3593979000000367,
                                    "count": 1935,
                                    "self": 0.08046130000006713,
                                    "children": {
                                        "TorchPolicy.evaluate": {
                                            "total": 1.2789365999999696,
                                            "count": 1134,
                                            "self": 0.30317399999995764,
                                            "children": {
                                                "TorchPolicy.sample_actions": {
                                                    "total": 0.9757626000000119,
                                                    "count": 1134,
                                                    "self": 0.9757626000000119
                                                }
                                            }
                                        }
                                    }
                                },
                                "workers": {
                                    "total": 0.03208709999995207,
                                    "count": 1934,
                                    "self": 0.0,
                                    "children": {
                                        "worker_root": {
                                            "total": 21.380437600000068,
                                            "count": 1934,