{
    "name": "root",
    "metadata": {
        "timer_format_version": "0.1.0",
        "start_time_seconds": "1741529721",
        "python_version": "3.8.20 (default, Oct  3 2024, 15:19:54) [MSC v.1929 64 bit (AMD64)]",
        "command_line_arguments": "C:\\Users\\ismet bal\\anaconda3\\envs\\flappy_env\\Scripts\\mlagents-learn config.yaml --run-id=flappyBirdRun_v6 --time-scale=0.0001",
        "mlagents_version": "0.28.0",
        "mlagents_envs_version": "0.28.0",
        "communication_protocol_version": "1.5.0",
        "pytorch_version": "1.8.1+cpu",
        "numpy_version": "1.19.5",
        "end_time_seconds": "1741529741"
    },
    "total": 19.7718048,
    "count": 1,
    "self": 0.0100005000000003,
    "children": {
        "run_training.setup": {
            "total": 0.0899255000000001,
            "count": 1,
            "self": 0.0899255000000001
        },
        "TrainerController.start_learning": {
            "total": 19.6718788,
            "count": 1,
            "self": 0.022343999999950626,
            "children": {
                "TrainerController._reset_env": {
                    "total": 5.0496672,
                    "count": 1,
                    "self": 5.0496672
                },
                "TrainerController.advance": {
                    "total": 14.494664900000052,
                    "count": 899,
                    "self": 0.019081800000035898,
                    "children": {
                        "env_step": {
                            "total": 14.260258399999984,
                            "count": 899,
                            "self": 13.312383399999963,
                            "children": {
                                "SubprocessEnvManager._take_step": {
                                    "total": 0.9337144000000244,
                                    "count": 899,
                                    "self": 0.04573890000003633,
                                    "children": {
                                        "TorchPolicy.evaluate": {
                                            "total": 0.887975499999988,
                                            "count": 840,
                                            "self": 0.23861719999997977,
                                            "children": {
                                                "TorchPolicy.sample_actions": {
                                                    "total": 0.6493583000000083,
                                                    "count": 840,
                                                    "self": 0.6493583000000083
                                                }
                                            }
                                        }
                                    }
                                },
                                "workers": {
                                    "total": 0.01416059999999586,
                                    "count": 898,
                                    "self": 0.0,
                                    "children": {
                                        "worker_root": {
                                            "total": 12.309243599999993,
                                            "count": 898,
                                            "is_parallel": true,
                                            "self": 2.1200515999999876,
                                            "children": {
                                                "steps_from_proto": {
                                                    "total": 0.0002990000000000492,
                                                    "count": 1,
                                                    "is_parallel": true,
                                                    "self": 0.0001655000000004847,
                                                    "children": {
                                                        "_process_rank_one_or_two_observation": {
                                                            "total": 0.00013349999999956452,
                                                            "count": 2,
                                                            "is_parallel": true,
                                                            "self": 0.00013349999999956452
                                                        }
                                                    }
                                                },
                                                "UnityEnvironment.step": {
                                                    "total": 10.188893000000006,
                                                    "count": 898,
                                                    "is_parallel": true,
                                                    "self": 0.07734440000002607,
                                                    "children": {
                                                        "UnityEnvironment._generate_step_input": {
                                                            "total": 0.06182889999995389,
                                                            "count": 898,
                                                            "is_parallel": true,
                                                            "self": 0.06182889999995389
                                                        },
                                                        "communicator.exchange": {
                                                            "total": 9.807564300000024,
                                                            "count": 898,
                                                            "is_parallel": true,
                                                            "self": 9.807564300000024
                                                        },
                                                        "steps_from_proto": {
                                                            "total": 0.24215540000000146,
                                                            "count": 898,
                                                            "is_parallel": true,
                                                            "self": 0.14251440000000404,
                                                            "children": {
                                                                "_process_rank_one_or_two_observation": {
                                                                    "total": 0.09964099999999743,
                                                                    "count": 1796,
                                                                    "is_parallel": true,
                                                                    "self": 0.09964099999999743
                                                                }
                                                            }
                                                        }
                                                    }
                                                }
                                            }
                                        }
                                    }
                                }
                            }
                        },
                        "trainer_advance": {
                            "total": 0.2153247000000329,
                            "count": 898,
                            "self": 0.026263800000033477,
                            "children": {
                                "process_trajectory": {
                                    "total": 0.18906089999999942,
                                    "count": 898,
                                    "self": 0.18906089999999942
                                }
                            }
                        }
                    }
                },