{
    "name": "root",
    "gauges": {
        "FlappyBirdAgent.Policy.Entropy.mean": {
            "value": 0.6300376653671265,
            "min": 0.6300376653671265,
            "max": 0.6870502829551697,
            "count": 2
        },
        "FlappyBirdAgent.Policy.Entropy.sum": {
            "value": 12569.251953125,
            "min": 12569.251953125,
            "max": 13790.4736328125,
            "count": 2
        },
        "FlappyBirdAgent.Environment.EpisodeLength.mean": {
            "value": 5.605489553461696,
            "min": 4.847672778561354,
            "max": 5.605489553461696,
            "count": 2
        },
        "FlappyBirdAgent.Environment.EpisodeLength.sum": {
            "value": 13683.0,
            "min": 13683.0,
            "max": 13748.0,
            "count": 2
        },
        "FlappyBirdAgent.Step.mean": {
            "value": 39999.0,
            "min": 19912.0,
            "max": 39999.0,
            "count": 2
        },
        "FlappyBirdAgent.Step.sum": {
            "value": 39999.0,
            "min": 19912.0,
            "max": 39999.0,
            "count": 2
        },
        "FlappyBirdAgent.Policy.ExtrinsicValueEstimate.mean": {
            "value": -0.9589840769767761,
            "min": -0.9589840769767761,
            "max": -0.7353919744491577,
            "count": 2
        },
        "FlappyBirdAgent.Policy.ExtrinsicValueEstimate.sum": {
            "value": -2365.813720703125,
            "min": -2365.813720703125,
            "max": -2104.69189453125,
            "count": 2
        },
        "FlappyBirdAgent.Environment.CumulativeReward.mean": {
            "value": -1.0301124854823835,
            "min": -1.0301124854823835,
            "max": -1.0263141767346473,
            "count": 2
        },
        "FlappyBirdAgent.Environment.CumulativeReward.sum": {
            "value": -2509.354014635086,
            "min": -2910.6270052194595,
            "max": -2509.354014635086,
            "count": 2
        },
        "FlappyBirdAgent.Policy.ExtrinsicReward.mean": {
            "value": -1.0301124854823835,
            "min": -1.0301124854823835,
            "max": -1.0263141767346473,
            "count": 2
        },
        "FlappyBirdAgent.Policy.ExtrinsicReward.sum": {
            "value": -2509.354014635086,
            "min": -2910.6270052194595,
            "max": -2509.354014635086,
            "count": 2
        },
        "FlappyBirdAgent.Losses.PolicyLoss.mean": {
            "value": 0.10415965980173496,
            "min": 0.10104645841011006,
            "max": 0.10415965980173496,
            "count": 2
        },
        "FlappyBirdAgent.Losses.PolicyLoss.sum": {
            "value": 0.5207982990086748,
            "min": 0.40418583364044025,
            "max": 0.5207982990086748,
            "count": 2
        },
        "FlappyBirdAgent.Losses.ValueLoss.mean": {
            "value": 0.0008871135234358007,
            "min": 0.0008871135234358007,
            "max": 0.020496950148071846,
            "count": 2
        },
        "FlappyBirdAgent.Losses.ValueLoss.sum": {
            "value": 0.004435567617179004,
            "min": 0.004435567617179004,
            "max": 0.08198780059228739,
            "count": 2
        },
        "FlappyBirdAgent.Policy.LearningRate.mean": {
            "value": 9.712496287504001e-05,
            "min": 9.712496287504001e-05,
            "max": 9.897415102585e-05,
            "count": 2
        },
        "FlappyBirdAgent.Policy.LearningRate.sum": {
            "value": 0.0004856248143752,
            "min": 0.0003958966041034,
            "max": 0.0004856248143752,
            "count": 2
        },
        "FlappyBirdAgent.Policy.Epsilon.mean": {
            "value": 0.10000000000000002,
            "min": 0.10000000000000002,
            "max": 0.10000000000000002,
            "count": 2
        },
        "FlappyBirdAgent.Policy.Epsilon.sum": {
            "value": 0.5000000000000001,
            "min": 0.4000000000000001,
            "max": 0.5000000000000001,
            "count": 2
        },
        "FlappyBirdAgent.Policy.Beta.mean": {
            "value": 0.000485912304,
            "min": 0.000485912304,
            "max": 0.0004949733350000001,
            "count": 2
        },
        "FlappyBirdAgent.Policy.Beta.sum": {
            "value": 0.00242956152,
            "min": 0.0019798933400000003,
            "max": 0.00242956152,
            "count": 2
        },
        "FlappyBirdAgent.IsTraining.mean": {
            "value": 1.0,
            "min": 1.0,
            "max": 1.0,
            "count": 2
        },
        "FlappyBirdAgent.IsTraining.sum": {
            "value": 1.0,
            "min": 1.0,
            "max": 1.0,
            "count": 2
        }
    },
    "metadata": {
        "timer_format_version": "0.1.0",
        "start_time_seconds": "1741695746",
        "python_version": "3.8.20 (default, Oct  3 2024, 15:19:54) [MSC v.1929 64 bit (AMD64)]",
        "command_line_arguments": "C:\\Users\\ismet bal\\anaconda3\\envs\\flappy_env\\Scripts\\mlagents-learn config.yaml --run-id=flappy_genetic_6 --time-scale=1",
        "mlagents_version": "0.28.0",
        "mlagents_envs_version": "0.28.0",
        "communication_protocol_version": "1.5.0",
        "pytorch_version": "1.8.1+cpu",
        "numpy_version": "1.19.5",
        "end_time_seconds": "1741696098"
    },
    "total": 351.5108195,
    "count": 1,
    "self": 0.009112400000049092,
    "children": {
        "run_training.setup": {
            "total": 0.0888939999999998,
            "count": 1,
            "self": 0.0888939999999998
        },
        "TrainerController.start_learning": {
            "total": 351.4128131,
            "count": 1,
            "self": 0.3916544000000499,
            "children": {
                "TrainerController._reset_env": {
                    "total": 15.6827524,
                    "count": 1,
                    "self": 15.6827524
                },
                "TrainerController.advance": {
                    "total": 335.1912729999999,
                    "count": 11614,
                    "self": 0.35997909999878175,
                    "children": {
                        "env_step": {
                            "total": 276.0628959000011,
                            "count": 11614,
                            "self": 262.74734970000134,
                            "children": {
                                "SubprocessEnvManager._take_step": {
                                    "total": 13.069951300000128,
                                    "count": 11614,
                                    "self": 0.6695051999989765,
                                    "children": {
                                        "TorchPolicy.evaluate": {
                                            "total": 12.400446100001151,
                                            "count": 8064,
                                            "self": 2.889870100002728,
                                            "children": {
                                                "TorchPolicy.sample_actions": {
                                                    "total": 9.510575999998423,
                                                    "count": 8064,
                                                    "self": 9.510575999998423
                                                }
                                            }
                                        }
                                    }
                                },
                                "workers": {
                                    "total": 0.2455948999996096,
                                    "count": 11613,
                                    "self": 0.0,
                                    "children": {
                                        "worker_root": {
                                            "total": 213.8036001000012,