{
    "name": "root",
    "gauges": {
        "FlappyBirdAgent.Policy.Entropy.mean": {
            "value": 0.3933919370174408,
            "min": 0.3933919370174408,
            "max": 0.6555743217468262,
            "count": 2
        },
        "FlappyBirdAgent.Policy.Entropy.sum": {
            "value": 3930.37890625,
            "min": 3930.37890625,
            "max": 6568.85498046875,
            "count": 2
        },
        "FlappyBirdAgent.Environment.EpisodeLength.mean": {
            "value": 27.857558139534884,
            "min": 9.639744952178534,
            "max": 27.857558139534884,
            "count": 2
        },
        "FlappyBirdAgent.Environment.EpisodeLength.sum": {
            "value": 9583.0,
            "min": 9071.0,
            "max": 9583.0,
            "count": 2
        },
        "FlappyBirdAgent.Step.mean": {
            "value": 19939.0,
            "min": 9998.0,
            "max": 19939.0,
            "count": 2
        },
        "FlappyBirdAgent.Step.sum": {
            "value": 19939.0,
            "min": 9998.0,
            "max": 19939.0,
            "count": 2
        },
        "FlappyBirdAgent.Policy.ExtrinsicValueEstimate.mean": {
            "value": 0.03108745627105236,
            "min": -0.5134521722793579,
            "max": 0.03108745627105236,
            "count": 2
        },
        "FlappyBirdAgent.Policy.ExtrinsicValueEstimate.sum": {
            "value": 11.626708984375,
            "min": -482.64501953125,
            "max": 11.626708984375,
            "count": 2
        },
        "FlappyBirdAgent.Environment.CumulativeReward.mean": {
            "value": 0.42069553966107576,
            "min": -0.4870957505829791,
            "max": 0.42069553966107576,
            "count": 2
        },
        "FlappyBirdAgent.Environment.CumulativeReward.sum": {
            "value": 145.13996118307114,
            "min": -457.87000554800034,
            "max": 145.13996118307114,
            "count": 2
        },
        "FlappyBirdAgent.Policy.ExtrinsicReward.mean": {
            "value": 0.42069553966107576,
            "min": -0.4870957505829791,
            "max": 0.42069553966107576,
            "count": 2
        },
        "FlappyBirdAgent.Policy.ExtrinsicReward.sum": {
            "value": 145.13996118307114,
            "min": -457.87000554800034,
            "max": 145.13996118307114,
            "count": 2
        },
        "FlappyBirdAgent.Losses.PolicyLoss.mean": {
            "value": 0.09529078923224008,
            "min": 0.09529078923224008,
            "max": 0.10465312463929877,
            "count": 2
        },
        "FlappyBirdAgent.Losses.PolicyLoss.sum": {
            "value": 0.47645394616120035,
            "min": 0.41861249855719507,
            "max": 0.47645394616120035,
            "count": 2
        },
        "FlappyBirdAgent.Losses.ValueLoss.mean": {
            "value": 0.47320360948021206,
            "min": 0.0642973755990776,
            "max": 0.47320360948021206,
            "count": 2
        },
        "FlappyBirdAgent.Losses.ValueLoss.sum": {
            "value": 2.3660180474010604,
            "min": 0.2571895023963104,
            "max": 2.3660180474010604,
            "count": 2
        },
        "FlappyBirdAgent.Policy.LearningRate.mean": {
            "value": 0.00029135928288024,
            "min": 0.00029135928288024,
            "max": 0.00029691840102719997,
            "count": 2
        },
        "FlappyBirdAgent.Policy.LearningRate.sum": {
            "value": 0.0014567964144012,
            "min": 0.0011876736041087999,
            "max": 0.0014567964144012,
            "count": 2
        },
        "FlappyBirdAgent.Policy.Epsilon.mean": {
            "value": 0.19711976,
            "min": 0.19711976,
            "max": 0.1989728,
            "count": 2
        },
        "FlappyBirdAgent.Policy.Epsilon.sum": {
            "value": 0.9855988,
            "min": 0.7958912,
            "max": 0.9855988,
            "count": 2
        },
        "FlappyBirdAgent.Policy.Beta.mean": {
            "value": 0.00048588682400000006,
            "min": 0.00048588682400000006,
            "max": 0.00049496672,
            "count": 2
        },
        "FlappyBirdAgent.Policy.Beta.sum": {
            "value": 0.0024294341200000002,
            "min": 0.00197986688,
            "max": 0.0024294341200000002,
            "count": 2
        },
        "FlappyBirdAgent.IsTraining.mean": {
            "value": 1.0,
            "min": 1.0,
            "max": 1.0,
            "count": 2
        },
        "FlappyBirdAgent.IsTraining.sum": {
            "value": 1.0,
            "min": 1.0,
            "max": 1.0,
            "count": 2
        }
    },
    "metadata": {
        "timer_format_version": "0.1.0",
        "start_time_seconds": "1741691802",
        "python_version": "3.8.20 (default, Oct  3 2024, 15:19:54) [MSC v.1929 64 bit (AMD64)]",
        "command_line_arguments": "C:\\Users\\ismet bal\\anaconda3\\envs\\flappy_env\\Scripts\\mlagents-learn config.yaml --run-id=flappy_train --time-scale=0.1",
        "mlagents_version": "0.28.0",
        "mlagents_envs_version": "0.28.0",
        "communication_protocol_version": "1.5.0",
        "pytorch_version": "1.8.1+cpu",
        "numpy_version": "1.19.5",
        "end_time_seconds": "1741692330"
    },
    "total": 527.4881719,
    "count": 1,
    "self": 10.010802499999954,
    "children": {
        "run_training.setup": {
            "total": 0.0944993999999999,
            "count": 1,
            "self": 0.0944993999999999
        },
        "TrainerController.start_learning": {
            "total": 517.38287,
            "count": 1,
            "self": 0.9064063999940117,
            "children": {
                "TrainerController._reset_env": {
                    "total": 8.131088799999999,
                    "count": 1,
                    "self": 8.131088799999999
                },
                "TrainerController.advance": {
                    "total": 508.120579300006,
                    "count": 28977,
                    "self": 0.8648609000044303,
                    "children": {
                        "env_step": {
                            "total": 484.2753596000019,
                            "count": 28977,
                            "self": 444.59122220000603,
                            "children": {
                                "SubprocessEnvManager._take_step": {
                                    "total": 39.116018799998315,
                                    "count": 28979,
                                    "self": 1.9543303999946033,
                                    "children": {
                                        "TorchPolicy.evaluate": {
                                            "total": 37.16168840000371,
                                            "count": 27722,
                                            "self": 9.991154199997968,
                                            "children": {
                                                "TorchPolicy.sample_actions": {
                                                    "total": 27.170534200005743,
                                                    "count": 27722,
                                                    "self": 27.170534200005743
                                                }
                                            }
                                        }
                                    }
                                },
                                "workers": {
                                    "total": 0.5681185999975309,
                                    "count": 28976,
                                    "self": 0.0,
                                    "children": {
                                        "worker_root": {
                                            "total": 441.5285684000012,
                                            "count": 28976,