{
    "name": "root",
    "gauges": {
        "FlappyBirdAgent.Policy.Entropy.mean": {
            "value": 0.47478973865509033,
            "min": 0.47478973865509033,
            "max": 0.6730069518089294,
            "count": 2
        },
        "FlappyBirdAgent.Policy.Entropy.sum": {
            "value": 9511.462890625,
            "min": 9511.462890625,
            "max": 13563.109375,
            "count": 2
        },
        "FlappyBirdAgent.Environment.EpisodeLength.mean": {
            "value": 16.97294250281849,
            "min": 9.409541511771994,
            "max": 16.97294250281849,
            "count": 2
        },
        "FlappyBirdAgent.Environment.EpisodeLength.sum": {
            "value": 15055.0,
            "min": 15055.0,
            "max": 15187.0,
            "count": 2
        },
        "FlappyBirdAgent.Step.mean": {
            "value": 39994.0,
            "min": 19992.0,
            "max": 39994.0,
            "count": 2
        },
        "FlappyBirdAgent.Step.sum": {
            "value": 39994.0,
            "min": 19992.0,
            "max": 39994.0,
            "count": 2
        },
        "FlappyBirdAgent.Policy.ExtrinsicValueEstimate.mean": {
            "value": -0.9186331629753113,
            "min": -0.9186331629753113,
            "max": -0.667006254196167,
            "count": 2
        },
        "FlappyBirdAgent.Policy.ExtrinsicValueEstimate.sum": {
            "value": -844.223876953125,
            "min": -1092.5562744140625,
            "max": -844.223876953125,
            "count": 2
        },
        "FlappyBirdAgent.Environment.CumulativeReward.mean": {
            "value": -1.0878150921394751,
            "min": -1.0878150921394751,
            "max": -1.0420508151394716,
            "count": 2
        },
        "FlappyBirdAgent.Environment.CumulativeReward.sum": {
            "value": -964.8919867277145,
            "min": -1680.8279648199677,
            "max": -964.8919867277145,
            "count": 2
        },
        "FlappyBirdAgent.Policy.ExtrinsicReward.mean": {
            "value": -1.0878150921394751,
            "min": -1.0878150921394751,
            "max": -1.0420508151394716,
            "count": 2
        },
        "FlappyBirdAgent.Policy.ExtrinsicReward.sum": {
            "value": -964.8919867277145,
            "min": -1680.8279648199677,
            "max": -964.8919867277145,
            "count": 2
        },
        "FlappyBirdAgent.Losses.PolicyLoss.mean": {
            "value": 0.06575990168421413,
            "min": 0.06575990168421413,
            "max": 0.06680856348248199,
            "count": 2
        },
        "FlappyBirdAgent.Losses.PolicyLoss.sum": {
            "value": 0.32879950842107064,
            "min": 0.26723425392992795,
            "max": 0.32879950842107064,
            "count": 2
        },
        "FlappyBirdAgent.Losses.ValueLoss.mean": {
            "value": 0.0020498147614489426,
            "min": 0.0020498147614489426,
            "max": 0.044334843340152474,
            "count": 2
        },
        "FlappyBirdAgent.Losses.ValueLoss.sum": {
            "value": 0.010249073807244713,
            "min": 0.010249073807244713,
            "max": 0.1773393733606099,
            "count": 2
        },
        "FlappyBirdAgent.Policy.LearningRate.mean": {
            "value": 9.712706287293999e-05,
            "min": 9.712706287293999e-05,
            "max": 9.8974826025175e-05,
            "count": 2
        },
        "FlappyBirdAgent.Policy.LearningRate.sum": {
            "value": 0.00048563531436469996,
            "min": 0.0003958993041007,
            "max": 0.00048563531436469996,
            "count": 2
        },
        "FlappyBirdAgent.Policy.Epsilon.mean": {
            "value": 0.10000000000000002,
            "min": 0.10000000000000002,
            "max": 0.10000000000000002,
            "count": 2
        },
        "FlappyBirdAgent.Policy.Epsilon.sum": {
            "value": 0.5000000000000001,
            "min": 0.4000000000000001,
            "max": 0.5000000000000001,
            "count": 2
        },
        "FlappyBirdAgent.Policy.Beta.mean": {
            "value": 0.00048592259399999997,
            "min": 0.00048592259399999997,
            "max": 0.0004949766425,
            "count": 2
        },
        "FlappyBirdAgent.Policy.Beta.sum": {
            "value": 0.00242961297,
            "min": 0.00197990657,
            "max": 0.00242961297,
            "count": 2
        },
        "FlappyBirdAgent.IsTraining.mean": {
            "value": 1.0,
            "min": 1.0,
            "max": 1.0,
            "count": 2
        },
        "FlappyBirdAgent.IsTraining.sum": {
            "value": 1.0,
            "min": 1.0,
            "max": 1.0,
            "count": 2
        }
    },
    "metadata": {
        "timer_format_version": "0.1.0",
        "start_time_seconds": "1741814597",
        "python_version": "3.8.20 (default, Oct  3 2024, 15:19:54) [MSC v.1929 64 bit (AMD64)]",
        "command_line_arguments": "C:\\Users\\ismet bal\\anaconda3\\envs\\flappy_env\\Scripts\\mlagents-learn config.yaml --run-id=flappy_training --train",
        "mlagents_version": "0.28.0",
        "mlagents_envs_version": "0.28.0",
        "communication_protocol_version": "1.5.0",
        "pytorch_version": "1.8.1+cpu",
        "numpy_version": "1.19.5",
        "end_time_seconds": "1741814846"
    },
    "total": 248.51735349999998,
    "count": 1,
    "self": 0.010443600000002107,
    "children": {
        "run_training.setup": {
            "total": 0.09452320000000003,
            "count": 1,
            "self": 0.09452320000000003
        },
        "TrainerController.start_learning": {
            "total": 248.41238669999998,
            "count": 1,
            "self": 0.3412988999998845,
            "children": {
                "TrainerController._reset_env": {
                    "total": 6.5896726,
                    "count": 1,
                    "self": 6.5896726
                },
                "TrainerController.advance": {
                    "total": 241.2434052000001,
                    "count": 11211,
                    "self": 0.31916979999942896,
                    "children": {
                        "env_step": {
                            "total": 190.63430240000065,
                            "count": 11211,
                            "self": 176.62748610000102,
                            "children": {
                                "SubprocessEnvManager._take_step": {
                                    "total": 13.77555899999991,
                                    "count": 11211,
                                    "self": 0.6845873999998631,
                                    "children": {
                                        "TorchPolicy.evaluate": {
                                            "total": 13.090971600000048,
                                            "count": 9134,
                                            "self": 2.964904999999547,
                                            "children": {
                                                "TorchPolicy.sample_actions": {
                                                    "total": 10.1260666000005,
                                                    "count": 9134,
                                                    "self": 10.1260666000005
                                                }
                                            }
                                        }
                                    }
                                },
                                "workers": {
                                    "total": 0.231257299999724,
                                    "count": 11210,
                                    "self": 0.0,
                                    "children": {
                                        "worker_root": {
                                            "total": 119.87026899999924,