{"count":1,"self":296.4997888,"total":535.0592447,"children":{"InitializeActuators":{"count":7688,"self":0.09625489999999999,"total":0.09625489999999999,"children":null},"InitializeSensors":{"count":7688,"self":0.0790236,"total":0.0790236,"children":null},"AgentSendState":{"count":145821,"self":0.2025108,"total":0.7839086,"children":{"CollectObservations":{"count":58330,"self":0.0845153,"total":0.0845153,"children":null},"WriteActionMask":{"count":58330,"self":0.0230893,"total":0.0230893,"children":null},"RequestDecision":{"count":58330,"self":0.1654863,"total":0.47379319999999997,"children":{"AgentInfo.ToProto":{"count":58330,"self":0.11817449999999999,"total":0.3083069,"children":{"GenerateSensorData":{"count":58330,"self":0.19013239999999998,"total":0.19013239999999998,"children":null}}}}}}},"DecideAction":{"count":145821,"self":237.1141888,"total":237.11417999999998,"children":null},"AgentAct":{"count":145821,"self":0.37890009999999996,"total":0.37890009999999996,"children":null},"AgentInfo.ToProto":{"count":7686,"self":0.033894,"total":0.1056592,"children":{"GenerateSensorData":{"count":7686,"self":0.0717652,"total":0.0717652,"children":null}}}},"gauges":{},"metadata":{"timer_format_version":"0.1.0","start_time_seconds":"1742408576","unity_version":"6000.0.41f1","command_line_arguments":"C:\\Program Files\\Unity\\Hub\\Editor\\6000.0.41f1\\Editor\\Unity.exe -projectpath C:\\UnityProjects\\flappybird-DL\\flappybird-DL -useHub -hubIPC -cloudEnvironment production","communication_protocol_version":"1.5.0","com.unity.ml-agents_version":"3.0.0","scene_name":"SampleScene","end_time_seconds":"1742409111"}}