{"count":1,"self":66.3364864,"total":104.227108,"children":{"InitializeActuators":{"count":3691,"self":0.0148597,"total":0.0148597,"children":null},"InitializeSensors":{"count":3691,"self":0.0126851,"total":0.0126851,"children":null},"AgentSendState":{"count":14717,"self":0.025867599999999998,"total":0.152453,"children":{"CollectObservations":{"count":16595,"self":0.017705099999999998,"total":0.017705099999999998,"children":null},"WriteActionMask":{"count":16595,"self":0.0036346,"total":0.0036346,"children":null},"RequestDecision":{"count":16595,"self":0.0448745,"total":0.1052457,"children":{"AgentInfo.ToProto":{"count":16595,"self":0.0280526,"total":0.0603712,"children":{"GenerateSensorData":{"count":16595,"self":0.032318599999999996,"total":0.032318599999999996,"children":null}}}}}}},"DecideAction":{"count":14717,"self":37.635231999999995,"total":37.6352335,"children":null},"AgentAct":{"count":14717,"self":0.051874199999999995,"total":0.051874199999999995,"children":null},"AgentInfo.ToProto":{"count":3687,"self":0.007364,"total":0.0235134,"children":{"GenerateSensorData":{"count":3687,"self":0.016149399999999998,"total":0.016149399999999998,"children":null}}}},"gauges":{},"metadata":{"timer_format_version":"0.1.0","start_time_seconds":"1741697821","unity_version":"6000.0.41f1","command_line_arguments":"C:\\Program Files\\Unity\\Hub\\Editor\\6000.0.41f1\\Editor\\Unity.exe -projectpath C:\\UnityProjects\\flappybird-DL\\flappybird-DL -useHub -hubIPC -cloudEnvironment production","communication_protocol_version":"1.5.0","com.unity.ml-agents_version":"3.0.0","scene_name":"SampleScene","end_time_seconds":"1741697926"}}