{
    "name": "root",
    "metadata": {
        "timer_format_version": "0.1.0",
        "start_time_seconds": "1741694659",
        "python_version": "3.8.20 (default, Oct  3 2024, 15:19:54) [MSC v.1929 64 bit (AMD64)]",
        "command_line_arguments": "C:\\Users\\ismet bal\\anaconda3\\envs\\flappy_env\\Scripts\\mlagents-learn config.yaml --run-id=flappy_genetic_2 --time-scale=1",
        "mlagents_version": "0.28.0",
        "mlagents_envs_version": "0.28.0",
        "communication_protocol_version": "1.5.0",
        "pytorch_version": "1.8.1+cpu",
        "numpy_version": "1.19.5",
        "end_time_seconds": "1741694748"
    },
    "total": 89.1578011,
    "count": 1,
    "self": 0.013614400000008686,
    "children": {
        "run_training.setup": {
            "total": 0.09190110000000007,
            "count": 1,
            "self": 0.09190110000000007
        },
        "TrainerController.start_learning": {
            "total": 89.05228559999999,
            "count": 1,
            "self": 0.02064339999992626,
            "children": {
                "TrainerController._reset_env": {
                    "total": 4.7629483,
                    "count": 1,
                    "self": 4.7629483
                },
                "TrainerController.advance": {
                    "total": 84.08817670000005,
                    "count": 744,
                    "self": 0.020342499999983943,
                    "children": {
                        "env_step": {
                            "total": 83.95473689999999,
                            "count": 744,
                            "self": 82.88643919999996,
                            "children": {
                                "SubprocessEnvManager._take_step": {
                                    "total": 1.0550320999999983,
                                    "count": 744,
                                    "self": 0.04879299999995279,
                                    "children": {
                                        "TorchPolicy.evaluate": {
                                            "total": 1.0062391000000455,
                                            "count": 744,
                                            "self": 0.256837600000031,
                                            "children": {
                                                "TorchPolicy.sample_actions": {
                                                    "total": 0.7494015000000145,
                                                    "count": 744,
                                                    "self": 0.7494015000000145
                                                }
                                            }
                                        }
                                    }
                                },
                                "workers": {
                                    "total": 0.013265600000033295,
                                    "count": 743,
                                    "self": 0.0,
                                    "children": {
                                        "worker_root": {
                                            "total": 22.935028299999995,
                                            "count": 743,
                                            "is_parallel": true,
                                            "self": 2.144374599999999,
                                            "children": {
                                                "steps_from_proto": {
                                                    "total": 0.0003134000000004633,
                                                    "count": 1,
                                                    "is_parallel": true,
                                                    "self": 0.00019210000000136063,
                                                    "children": {
                                                        "_process_rank_one_or_two_observation": {
                                                            "total": 0.00012129999999910268,
                                                            "count": 2,
                                                            "is_parallel": true,
                                                            "self": 0.00012129999999910268
                                                        }
                                                    }
                                                },
                                                "UnityEnvironment.step": {
                                                    "total": 20.790340299999997,
                                                    "count": 743,
                                                    "is_parallel": true,
                                                    "self": 0.07682369999998429,
                                                    "children": {
                                                        "UnityEnvironment._generate_step_input": {
                                                            "total": 0.07449859999999653,
                                                            "count": 743,
                                                            "is_parallel": true,
                                                            "self": 0.07449859999999653
                                                        },
                                                        "communicator.exchange": {
                                                            "total": 20.411051599999972,
                                                            "count": 743,
                                                            "is_parallel": true,
                                                            "self": 20.411051599999972
                                                        },
                                                        "steps_from_proto": {
                                                            "total": 0.2279664000000441,
                                                            "count": 743,
                                                            "is_parallel": true,
                                                            "self": 0.1386833000001113,
                                                            "children": {
                                                                "_process_rank_one_or_two_observation": {
                                                                    "total": 0.08928309999993278,
                                                                    "count": 1486,
                                                                    "is_parallel": true,
                                                                    "self": 0.08928309999993278
                                                                }
                                                            }
                                                        }
                                                    }
                                                }
                                            }
                                        }
                                    }
                                }
                            }
                        },
                        "trainer_advance": {
                            "total": 0.11309730000007612,
                            "count": 743,
                            "self": 0.02377980000009039,
                            "children": {
                                "process_trajectory": {
                                    "total": 0.08931749999998573,
                                    "count": 743,
                                    "self": 0.08931749999998573
                                }
                            }
                        }
                    }
                },