{
    "name": "root",
    "metadata": {
        "timer_format_version": "0.1.0",
        "start_time_seconds": "1741531236",
        "python_version": "3.8.20 (default, Oct  3 2024, 15:19:54) [MSC v.1929 64 bit (AMD64)]",
        "command_line_arguments": "C:\\Users\\ismet bal\\anaconda3\\envs\\flappy_env\\Scripts\\mlagents-learn config.yaml --run-id=flappy_slow_v14 --time-scale=0.1",
        "mlagents_version": "0.28.0",
        "mlagents_envs_version": "0.28.0",
        "communication_protocol_version": "1.5.0",
        "pytorch_version": "1.8.1+cpu",
        "numpy_version": "1.19.5",
        "end_time_seconds": "1741531309"
    },
    "total": 73.4392135,
    "count": 1,
    "self": 10.009788700000001,
    "children": {
        "run_training.setup": {
            "total": 0.09215010000000001,
            "count": 1,
            "self": 0.09215010000000001
        },
        "TrainerController.start_learning": {
            "total": 63.337274699999995,
            "count": 1,
            "self": 0.07979240000008758,
            "children": {
                "TrainerController._reset_env": {
                    "total": 6.9194097,
                    "count": 1,
                    "self": 6.9194097
                },
                "TrainerController.advance": {
                    "total": 56.16899289999991,
                    "count": 3098,
                    "self": 0.0711263999996703,
                    "children": {
                        "env_step": {
                            "total": 54.24722210000016,
                            "count": 3098,
                            "self": 50.80774210000027,
                            "children": {
                                "SubprocessEnvManager._take_step": {
                                    "total": 3.3876390999999266,
                                    "count": 3099,
                                    "self": 0.16895519999988196,
                                    "children": {
                                        "TorchPolicy.evaluate": {
                                            "total": 3.2186839000000447,
                                            "count": 2869,
                                            "self": 0.8637835000002116,
                                            "children": {
                                                "TorchPolicy.sample_actions": {
                                                    "total": 2.354900399999833,
                                                    "count": 2869,
                                                    "self": 2.354900399999833
                                                }
                                            }
                                        }
                                    }
                                },
                                "workers": {
                                    "total": 0.051840899999962886,
                                    "count": 3097,
                                    "self": 0.0,
                                    "children": {
                                        "worker_root": {
                                            "total": 45.88991540000018,
                                            "count": 3097,
                                            "is_parallel": true,
                                            "self": 8.827345400000226,
                                            "children": {
                                                "steps_from_proto": {
                                                    "total": 0.0007282000000001787,
                                                    "count": 2,
                                                    "is_parallel": true,
                                                    "self": 0.00045009999999923167,
                                                    "children": {
                                                        "_process_rank_one_or_two_observation": {
                                                            "total": 0.00027810000000094703,
                                                            "count": 4,
                                                            "is_parallel": true,
                                                            "self": 0.00027810000000094703
                                                        }
                                                    }
                                                },
                                                "UnityEnvironment.step": {
                                                    "total": 37.061841799999954,
                                                    "count": 3097,
                                                    "is_parallel": true,
                                                    "self": 0.2864120000003041,
                                                    "children": {
                                                        "UnityEnvironment._generate_step_input": {
                                                            "total": 0.2519198999999679,
                                                            "count": 3097,
                                                            "is_parallel": true,
                                                            "self": 0.2519198999999679
                                                        },
                                                        "communicator.exchange": {
                                                            "total": 35.63686749999971,
                                                            "count": 3097,
                                                            "is_parallel": true,
                                                            "self": 35.63686749999971
                                                        },
                                                        "steps_from_proto": {
                                                            "total": 0.886642399999972,
                                                            "count": 3097,
                                                            "is_parallel": true,
                                                            "self": 0.5219667000000312,
                                                            "children": {
                                                                "_process_rank_one_or_two_observation": {
                                                                    "total": 0.36467569999994076,
                                                                    "count": 6194,
                                                                    "is_parallel": true,
                                                                    "self": 0.36467569999994076
                                                                }
                                                            }
                                                        }
                                                    }
                                                }
                                            }
                                        }
                                    }
                                }
                            }
                        },
                        "trainer_advance": {
                            "total": 1.8506444000000748,
                            "count": 3097,
                            "self": 0.09537460000017539,
                            "children": {
                                "process_trajectory": {
                                    "total": 0.7259550999998989,
                                    "count": 3097,
                                    "self": 0.7259550999998989
                                },