{
    "name": "root",
    "metadata": {
        "timer_format_version": "0.1.0",
        "start_time_seconds": "1741527728",
        "python_version": "3.8.20 (default, Oct  3 2024, 15:19:54) [MSC v.1929 64 bit (AMD64)]",
        "command_line_arguments": "C:\\Users\\ismet bal\\anaconda3\\envs\\flappy_env\\Scripts\\mlagents-learn config.yaml --run-id=flappy_slow --time-scale=1",
        "mlagents_version": "0.28.0",
        "mlagents_envs_version": "0.28.0",
        "communication_protocol_version": "1.5.0",
        "pytorch_version": "1.8.1+cpu",
        "numpy_version": "1.19.5",
        "end_time_seconds": "1741527779"
    },
    "total": 50.9764309,
    "count": 1,
    "self": 0.008852399999994987,
    "children": {
        "run_training.setup": {
            "total": 0.08511050000000009,
            "count": 1,
            "self": 0.08511050000000009
        },
        "TrainerController.start_learning": {
            "total": 50.882468,
            "count": 1,
            "self": 0.06572350000003269,
            "children": {
                "TrainerController._reset_env": {
                    "total": 6.8823582,
                    "count": 1,
                    "self": 6.8823582
                },
                "TrainerController.advance": {
                    "total": 43.823643999999966,
                    "count": 2586,
                    "self": 0.061784399999829986,
                    "children": {
                        "env_step": {
                            "total": 42.17252450000019,
                            "count": 2586,
                            "self": 39.33301270000008,
                            "children": {
                                "SubprocessEnvManager._take_step": {
                                    "total": 2.796868500000043,
                                    "count": 2586,
                                    "self": 0.13727840000024205,
                                    "children": {
                                        "TorchPolicy.evaluate": {
                                            "total": 2.659590099999801,
                                            "count": 2403,
                                            "self": 0.711036399999605,
                                            "children": {
                                                "TorchPolicy.sample_actions": {
                                                    "total": 1.948553700000196,
                                                    "count": 2403,
                                                    "self": 1.948553700000196
                                                }
                                            }
                                        }
                                    }
                                },
                                "workers": {
                                    "total": 0.042643300000070994,
                                    "count": 2585,
                                    "self": 0.0,
                                    "children": {
                                        "worker_root": {
                                            "total": 35.87193629999987,
                                            "count": 2585,
                                            "is_parallel": true,
                                            "self": 7.28146529999983,
                                            "children": {
                                                "steps_from_proto": {
                                                    "total": 0.00031189999999980955,
                                                    "count": 1,
                                                    "is_parallel": true,
                                                    "self": 0.00017339999999954614,
                                                    "children": {
                                                        "_process_rank_one_or_two_observation": {
                                                            "total": 0.0001385000000002634,
                                                            "count": 2,
                                                            "is_parallel": true,
                                                            "self": 0.0001385000000002634
                                                        }
                                                    }
                                                },
                                                "UnityEnvironment.step": {
                                                    "total": 28.590159100000037,
                                                    "count": 2585,
                                                    "is_parallel": true,
                                                    "self": 0.2339150999999653,
                                                    "children": {
                                                        "UnityEnvironment._generate_step_input": {
                                                            "total": 0.1923917000000861,
                                                            "count": 2585,
                                                            "is_parallel": true,
                                                            "self": 0.1923917000000861
                                                        },
                                                        "communicator.exchange": {
                                                            "total": 27.440026399999926,
                                                            "count": 2585,
                                                            "is_parallel": true,
                                                            "self": 27.440026399999926
                                                        },
                                                        "steps_from_proto": {
                                                            "total": 0.7238259000000591,
                                                            "count": 2585,
                                                            "is_parallel": true,
                                                            "self": 0.42458360000008266,
                                                            "children": {
                                                                "_process_rank_one_or_two_observation": {
                                                                    "total": 0.2992422999999764,
                                                                    "count": 5170,
                                                                    "is_parallel": true,
                                                                    "self": 0.2992422999999764
                                                                }
                                                            }
                                                        }
                                                    }
                                                }
                                            }
                                        }
                                    }
                                }
                            }
                        },
                        "trainer_advance": {
                            "total": 1.5893350999999463,
                            "count": 2585,
                            "self": 0.07679729999992801,
                            "children": {
                                "process_trajectory": {
                                    "total": 0.5364609000000229,
                                    "count": 2585,
                                    "self": 0.5364609000000229
                                },
                                "_update_policy": {
                                    "total": 0.9760768999999954,