{
    "name": "root",
    "metadata": {
        "timer_format_version": "0.1.0",
        "start_time_seconds": "1741525120",
        "python_version": "3.8.20 (default, Oct  3 2024, 15:19:54) [MSC v.1929 64 bit (AMD64)]",
        "command_line_arguments": "C:\\Users\\ismet bal\\anaconda3\\envs\\flappy_env\\Scripts\\mlagents-learn config.yaml --run-id=flappy_run_03",
        "mlagents_version": "0.28.0",
        "mlagents_envs_version": "0.28.0",
        "communication_protocol_version": "1.5.0",
        "pytorch_version": "1.8.1+cpu",
        "numpy_version": "1.19.5",
        "end_time_seconds": "1741525214"
    },
    "total": 94.1835999,
    "count": 1,
    "self": 0.010416800000001558,
    "children": {
        "run_training.setup": {
            "total": 0.08849339999999994,
            "count": 1,
            "self": 0.08849339999999994
        },
        "TrainerController.start_learning": {
            "total": 94.0846897,
            "count": 1,
            "self": 0.10085680000000252,
            "children": {
                "TrainerController._reset_env": {
                    "total": 8.1510206,
                    "count": 1,
                    "self": 8.1510206
                },
                "TrainerController.advance": {
                    "total": 85.7062693,
                    "count": 4304,
                    "self": 0.09392000000002554,
                    "children": {
                        "env_step": {
                            "total": 82.88600989999996,
                            "count": 4304,
                            "self": 78.5919045999999,
                            "children": {
                                "SubprocessEnvManager._take_step": {
                                    "total": 4.226049400000138,
                                    "count": 4304,
                                    "self": 0.21443810000014274,
                                    "children": {
                                        "TorchPolicy.evaluate": {
                                            "total": 4.011611299999995,
                                            "count": 4107,
                                            "self": 1.0475334999999841,
                                            "children": {
                                                "TorchPolicy.sample_actions": {
                                                    "total": 2.9640778000000108,
                                                    "count": 4107,
                                                    "self": 2.9640778000000108
                                                }
                                            }
                                        }
                                    }
                                },
                                "workers": {
                                    "total": 0.06805589999991035,
                                    "count": 4303,
                                    "self": 0.0,
                                    "children": {
                                        "worker_root": {
                                            "total": 24.507674699999853,
                                            "count": 4303,
                                            "is_parallel": true,
                                            "self": 11.534559399999857,
                                            "children": {
                                                "steps_from_proto": {
                                                    "total": 0.00031449999999999534,
                                                    "count": 1,
                                                    "is_parallel": true,
                                                    "self": 0.00018330000000155167,
                                                    "children": {
                                                        "_process_rank_one_or_two_observation": {
                                                            "total": 0.00013119999999844367,
                                                            "count": 2,
                                                            "is_parallel": true,
                                                            "self": 0.00013119999999844367
                                                        }
                                                    }
                                                },
                                                "UnityEnvironment.step": {
                                                    "total": 12.972800799999996,
                                                    "count": 4303,
                                                    "is_parallel": true,
                                                    "self": 0.3521585000004013,
                                                    "children": {
                                                        "UnityEnvironment._generate_step_input": {
                                                            "total": 0.29068359999991955,
                                                            "count": 4303,
                                                            "is_parallel": true,
                                                            "self": 0.29068359999991955
                                                        },
                                                        "communicator.exchange": {
                                                            "total": 11.11458969999982,
                                                            "count": 4303,
                                                            "is_parallel": true,
                                                            "self": 11.11458969999982
                                                        },
                                                        "steps_from_proto": {
                                                            "total": 1.2153689999998551,
                                                            "count": 4303,
                                                            "is_parallel": true,
                                                            "self": 0.773039899999775,
                                                            "children": {
                                                                "_process_rank_one_or_two_observation": {
                                                                    "total": 0.4423291000000802,
                                                                    "count": 8606,
                                                                    "is_parallel": true,
                                                                    "self": 0.4423291000000802
                                                                }
                                                            }
                                                        }
                                                    }
                                                }
                                            }
                                        }
                                    }
                                }
                            }
                        },
                        "trainer_advance": {
                            "total": 2.72633940000002,
                            "count": 4303,
                            "self": 0.11409650000000937,
                            "children": {
                                "process_trajectory": {
                                    "total": 0.673538000000006,
                                    "count": 4303,
                                    "self": 0.673538000000006
                                },
                                "_update_policy": {
                                    "total": 1.9387049000000047,