{
    "name": "root",
    "gauges": {
        "FlappyBirdAgent.Policy.Entropy.mean": {
            "value": 0.6788032650947571,
            "min": 0.6788032650947571,
            "max": 0.6788032650947571,
            "count": 1
        },
        "FlappyBirdAgent.Policy.Entropy.sum": {
            "value": 6792.7841796875,
            "min": 6792.7841796875,
            "max": 6792.7841796875,
            "count": 1
        },
        "FlappyBirdAgent.Environment.EpisodeLength.mean": {
            "value": 8.248613678373383,
            "min": 8.248613678373383,
            "max": 8.248613678373383,
            "count": 1
        },
        "FlappyBirdAgent.Environment.EpisodeLength.sum": {
            "value": 8925.0,
            "min": 8925.0,
            "max": 8925.0,
            "count": 1
        },
        "FlappyBirdAgent.Step.mean": {
            "value": 9995.0,
            "min": 9995.0,
            "max": 9995.0,
            "count": 1
        },
        "FlappyBirdAgent.Step.sum": {
            "value": 9995.0,
            "min": 9995.0,
            "max": 9995.0,
            "count": 1
        },
        "FlappyBirdAgent.Policy.ExtrinsicValueEstimate.mean": {
            "value": -0.7270114421844482,
            "min": -0.7270114421844482,
            "max": -0.7270114421844482,
            "count": 1
        },
        "FlappyBirdAgent.Policy.ExtrinsicValueEstimate.sum": {
            "value": -785.8993530273438,
            "min": -785.8993530273438,
            "max": -785.8993530273438,
            "count": 1
        },
        "FlappyBirdAgent.Environment.CumulativeReward.mean": {
            "value": -1.1567178932634579,
            "min": -1.1567178932634579,
            "max": -1.1567178932634579,
            "count": 1
        },
        "FlappyBirdAgent.Environment.CumulativeReward.sum": {
            "value": -1250.4120426177979,
            "min": -1250.4120426177979,
            "max": -1250.4120426177979,
            "count": 1
        },
        "FlappyBirdAgent.Policy.ExtrinsicReward.mean": {
            "value": -1.1567178932634579,
            "min": -1.1567178932634579,
            "max": -1.1567178932634579,
            "count": 1
        },
        "FlappyBirdAgent.Policy.ExtrinsicReward.sum": {
            "value": -1250.4120426177979,
            "min": -1250.4120426177979,
            "max": -1250.4120426177979,
            "count": 1
        },
        "FlappyBirdAgent.Losses.PolicyLoss.mean": {
            "value": 0.09760884863256554,
            "min": 0.09760884863256554,
            "max": 0.09760884863256554,
            "count": 1
        },
        "FlappyBirdAgent.Losses.PolicyLoss.sum": {
            "value": 0.39043539453026216,
            "min": 0.39043539453026216,
            "max": 0.39043539453026216,
            "count": 1
        },
        "FlappyBirdAgent.Losses.ValueLoss.mean": {
            "value": 0.13375117503649867,
            "min": 0.13375117503649867,
            "max": 0.13375117503649867,
            "count": 1
        },
        "FlappyBirdAgent.Losses.ValueLoss.sum": {
            "value": 0.5350047001459947,
            "min": 0.5350047001459947,
            "max": 0.5350047001459947,
            "count": 1
        },
        "FlappyBirdAgent.Policy.LearningRate.mean": {
            "value": 0.0002969223010259,
            "min": 0.0002969223010259,
            "max": 0.0002969223010259,
            "count": 1
        },
        "FlappyBirdAgent.Policy.LearningRate.sum": {
            "value": 0.0011876892041036,
            "min": 0.0011876892041036,
            "max": 0.0011876892041036,
            "count": 1
        },
        "FlappyBirdAgent.Policy.Epsilon.mean": {
            "value": 0.19897410000000001,
            "min": 0.19897410000000001,
            "max": 0.19897410000000001,
            "count": 1
        },
        "FlappyBirdAgent.Policy.Epsilon.sum": {
            "value": 0.7958964000000001,
            "min": 0.7958964000000001,
            "max": 0.7958964000000001,
            "count": 1
        },
        "FlappyBirdAgent.Policy.Beta.mean": {
            "value": 0.0004949730899999999,
            "min": 0.0004949730899999999,
            "max": 0.0004949730899999999,
            "count": 1
        },
        "FlappyBirdAgent.Policy.Beta.sum": {
            "value": 0.0019798923599999995,
            "min": 0.0019798923599999995,
            "max": 0.0019798923599999995,
            "count": 1
        },
        "FlappyBirdAgent.IsTraining.mean": {
            "value": 1.0,
            "min": 1.0,
            "max": 1.0,
            "count": 1
        },
        "FlappyBirdAgent.IsTraining.sum": {
            "value": 1.0,
            "min": 1.0,
            "max": 1.0,
            "count": 1
        }
    },
    "metadata": {
        "timer_format_version": "0.1.0",
        "start_time_seconds": "1741530609",
        "python_version": "3.8.20 (default, Oct  3 2024, 15:19:54) [MSC v.1929 64 bit (AMD64)]",
        "command_line_arguments": "C:\\Users\\ismet bal\\anaconda3\\envs\\flappy_env\\Scripts\\mlagents-learn config.yaml --run-id=flappy_slow_v12 --time-scale=0.1",
        "mlagents_version": "0.28.0",
        "mlagents_envs_version": "0.28.0",
        "communication_protocol_version": "1.5.0",
        "pytorch_version": "1.8.1+cpu",
        "numpy_version": "1.19.5",
        "end_time_seconds": "1741530916"
    },
    "total": 306.5198578,
    "count": 1,
    "self": 0.0080040000000281,
    "children": {
        "run_training.setup": {
            "total": 0.08701409999999998,
            "count": 1,
            "self": 0.08701409999999998
        },
        "TrainerController.start_learning": {
            "total": 306.4248397,
            "count": 1,
            "self": 0.3025941000008743,
            "children": {
                "TrainerController._reset_env": {
                    "total": 35.1044567,
                    "count": 1,
                    "self": 35.1044567
                },
                "TrainerController.advance": {
                    "total": 270.8948930999991,
                    "count": 12017,
                    "self": 0.26595639999845844,
                    "children": {
                        "env_step": {
                            "total": 262.485370399999,
                            "count": 12017,
                            "self": 249.69375829999797,
                            "children": {
                                "SubprocessEnvManager._take_step": {
                                    "total": 12.589345500001343,
                                    "count": 12017,
                                    "self": 0.6135228000003607,
                                    "children": {
                                        "TorchPolicy.evaluate": {
                                            "total": 11.975822700000982,
                                            "count": 11016,
                                            "self": 3.2051801000012574,
                                            "children": {
                                                "TorchPolicy.sample_actions": {
                                                    "total": 8.770642599999725,
                                                    "count": 11016,
                                                    "self": 8.770642599999725
                                                }
                                            }
                                        }
                                    }
                                },
                                "workers": {
                                    "total": 0.20226659999967467,
                                    "count": 12016,
                                    "self": 0.0,
                                    "children": {
                                        "worker_root": {
                                            "total": 179.1828641999996,