{
    "name": "root",
    "metadata": {
        "timer_format_version": "0.1.0",
        "start_time_seconds": "1741697816",
        "python_version": "3.8.20 (default, Oct  3 2024, 15:19:54) [MSC v.1929 64 bit (AMD64)]",
        "command_line_arguments": "C:\\Users\\ismet bal\\anaconda3\\envs\\flappy_env\\Scripts\\mlagents-learn config.yaml --run-id=flappy_bird_train3 --time-scale=10",
        "mlagents_version": "0.28.0",
        "mlagents_envs_version": "0.28.0",
        "communication_protocol_version": "1.5.0",
        "pytorch_version": "1.8.1+cpu",
        "numpy_version": "1.19.5",
        "end_time_seconds": "1741697906"
    },
    "total": 89.1690475,
    "count": 1,
    "self": 0.0070899000000110846,
    "children": {
        "run_training.setup": {
            "total": 0.08506389999999997,
            "count": 1,
            "self": 0.08506389999999997
        },
        "TrainerController.start_learning": {
            "total": 89.0768937,
            "count": 1,
            "self": 0.11069380000066076,
            "children": {
                "TrainerController._reset_env": {
                    "total": 5.5903493,
                    "count": 1,
                    "self": 5.5903493
                },
                "TrainerController.advance": {
                    "total": 83.21584839999932,
                    "count": 4171,
                    "self": 0.09922569999872621,
                    "children": {
                        "env_step": {
                            "total": 66.56394730000011,
                            "count": 4171,
                            "self": 62.77736170000004,
                            "children": {
                                "SubprocessEnvManager._take_step": {
                                    "total": 3.7171733000000424,
                                    "count": 4171,
                                    "self": 0.18414090000042815,
                                    "children": {
                                        "TorchPolicy.evaluate": {
                                            "total": 3.5330323999996143,
                                            "count": 2942,
                                            "self": 0.804734999999515,
                                            "children": {
                                                "TorchPolicy.sample_actions": {
                                                    "total": 2.7282974000000992,
                                                    "count": 2942,
                                                    "self": 2.7282974000000992
                                                }
                                            }
                                        }
                                    }
                                },
                                "workers": {
                                    "total": 0.06941230000002374,
                                    "count": 4170,
                                    "self": 0.0,
                                    "children": {
                                        "worker_root": {
                                            "total": 75.93883200000006,
                                            "count": 4170,
                                            "is_parallel": true,
                                            "self": 25.502661499999768,
                                            "children": {
                                                "steps_from_proto": {
                                                    "total": 0.00048419999999982366,
                                                    "count": 1,
                                                    "is_parallel": true,
                                                    "self": 0.00023129999999937922,
                                                    "children": {
                                                        "_process_rank_one_or_two_observation": {
                                                            "total": 0.00025290000000044444,
                                                            "count": 2,
                                                            "is_parallel": true,
                                                            "self": 0.00025290000000044444
                                                        }
                                                    }
                                                },
                                                "UnityEnvironment.step": {
                                                    "total": 50.43568630000029,
                                                    "count": 4170,
                                                    "is_parallel": true,
                                                    "self": 0.452884900000889,
                                                    "children": {
                                                        "UnityEnvironment._generate_step_input": {
                                                            "total": 0.4889067999998975,
                                                            "count": 4170,
                                                            "is_parallel": true,
                                                            "self": 0.4889067999998975
                                                        },
                                                        "communicator.exchange": {
                                                            "total": 48.09632089999956,
                                                            "count": 4170,
                                                            "is_parallel": true,
                                                            "self": 48.09632089999956
                                                        },
                                                        "steps_from_proto": {
                                                            "total": 1.3975736999999429,
                                                            "count": 4170,
                                                            "is_parallel": true,
                                                            "self": 0.746062299999906,
                                                            "children": {
                                                                "_process_rank_one_or_two_observation": {
                                                                    "total": 0.6515114000000368,
                                                                    "count": 8340,
                                                                    "is_parallel": true,
                                                                    "self": 0.6515114000000368
                                                                }
                                                            }
                                                        }
                                                    }
                                                }
                                            }
                                        }
                                    }
                                }
                            }
                        },
                        "trainer_advance": {
                            "total": 16.55267540000048,
                            "count": 4170,
                            "self": 0.11853000000019165,
                            "children": {
                                "process_trajectory": {
                                    "total": 4.6939357000002975,
                                    "count": 4170,
                                    "self": 4.6939357000002975
                                },