{
    "name": "root",
    "metadata": {
        "timer_format_version": "0.1.0",
        "start_time_seconds": "1741529562",
        "python_version": "3.8.20 (default, Oct  3 2024, 15:19:54) [MSC v.1929 64 bit (AMD64)]",
        "command_line_arguments": "C:\\Users\\ismet bal\\anaconda3\\envs\\flappy_env\\Scripts\\mlagents-learn config.yaml --run-id=flappyBirdRun_v4 --time-scale=0.01",
        "mlagents_version": "0.28.0",
        "mlagents_envs_version": "0.28.0",
        "communication_protocol_version": "1.5.0",
        "pytorch_version": "1.8.1+cpu",
        "numpy_version": "1.19.5",
        "end_time_seconds": "1741529616"
    },
    "total": 54.3955953,
    "count": 1,
    "self": 10.0081463,
    "children": {
        "run_training.setup": {
            "total": 0.08668229999999988,
            "count": 1,
            "self": 0.08668229999999988
        },
        "TrainerController.start_learning": {
            "total": 44.3007667,
            "count": 1,
            "self": 0.037602099999745064,
            "children": {
                "TrainerController._reset_env": {
                    "total": 5.6386284,
                    "count": 1,
                    "self": 5.6386284
                },
                "TrainerController.advance": {
                    "total": 38.49105140000026,
                    "count": 1485,
                    "self": 0.03274250000036716,
                    "children": {
                        "env_step": {
                            "total": 38.05477049999992,
                            "count": 1485,
                            "self": 36.496542400000074,
                            "children": {
                                "SubprocessEnvManager._take_step": {
                                    "total": 1.534409499999846,
                                    "count": 1486,
                                    "self": 0.07430059999990668,
                                    "children": {
                                        "TorchPolicy.evaluate": {
                                            "total": 1.4601088999999394,
                                            "count": 1358,
                                            "self": 0.3947483000001233,
                                            "children": {
                                                "TorchPolicy.sample_actions": {
                                                    "total": 1.0653605999998161,
                                                    "count": 1358,
                                                    "self": 1.0653605999998161
                                                }
                                            }
                                        }
                                    }
                                },
                                "workers": {
                                    "total": 0.023818599999999357,
                                    "count": 1484,
                                    "self": 0.0,
                                    "children": {
                                        "worker_root": {
                                            "total": 20.759583900000067,
                                            "count": 1484,
                                            "is_parallel": true,
                                            "self": 3.5694979000000693,
                                            "children": {
                                                "steps_from_proto": {
                                                    "total": 0.0006637000000004889,
                                                    "count": 2,
                                                    "is_parallel": true,
                                                    "self": 0.0003850999999981397,
                                                    "children": {
                                                        "_process_rank_one_or_two_observation": {
                                                            "total": 0.0002786000000023492,
                                                            "count": 4,
                                                            "is_parallel": true,
                                                            "self": 0.0002786000000023492
                                                        }
                                                    }
                                                },
                                                "UnityEnvironment.step": {
                                                    "total": 17.189422299999997,
                                                    "count": 1484,
                                                    "is_parallel": true,
                                                    "self": 0.1332808000001009,
                                                    "children": {
                                                        "UnityEnvironment._generate_step_input": {
                                                            "total": 0.10655189999994352,
                                                            "count": 1484,
                                                            "is_parallel": true,
                                                            "self": 0.10655189999994352
                                                        },
                                                        "communicator.exchange": {
                                                            "total": 16.53155430000003,
                                                            "count": 1484,
                                                            "is_parallel": true,
                                                            "self": 16.53155430000003
                                                        },
                                                        "steps_from_proto": {
                                                            "total": 0.41803529999992683,
                                                            "count": 1484,
                                                            "is_parallel": true,
                                                            "self": 0.24621879999982443,
                                                            "children": {
                                                                "_process_rank_one_or_two_observation": {
                                                                    "total": 0.1718165000001024,
                                                                    "count": 2968,
                                                                    "is_parallel": true,
                                                                    "self": 0.1718165000001024
                                                                }
                                                            }
                                                        }
                                                    }
                                                }
                                            }
                                        }
                                    }
                                }
                            }
                        },
                        "trainer_advance": {
                            "total": 0.4035383999999702,
                            "count": 1484,
                            "self": 0.04479000000004163,
                            "children": {
                                "process_trajectory": {
                                    "total": 0.3587483999999286,
                                    "count": 1484,
                                    "self": 0.3587483999999286
                                }
                            }
                        }
                    }
                },