{
    "name": "root",
    "metadata": {
        "timer_format_version": "0.1.0",
        "start_time_seconds": "1741530503",
        "python_version": "3.8.20 (default, Oct  3 2024, 15:19:54) [MSC v.1929 64 bit (AMD64)]",
        "command_line_arguments": "C:\\Users\\ismet bal\\anaconda3\\envs\\flappy_env\\Scripts\\mlagents-learn config.yaml --run-id=flappy_slow_v11 --time-scale=0.1",
        "mlagents_version": "0.28.0",
        "mlagents_envs_version": "0.28.0",
        "communication_protocol_version": "1.5.0",
        "pytorch_version": "1.8.1+cpu",
        "numpy_version": "1.19.5",
        "end_time_seconds": "1741530605"
    },
    "total": 102.0612581,
    "count": 1,
    "self": 0.008349200000012047,
    "children": {
        "run_training.setup": {
            "total": 0.08917839999999988,
            "count": 1,
            "self": 0.08917839999999988
        },
        "TrainerController.start_learning": {
            "total": 101.9637305,
            "count": 1,
            "self": 0.12014670000031913,
            "children": {
                "TrainerController._reset_env": {
                    "total": 6.8505302,
                    "count": 1,
                    "self": 6.8505302
                },
                "TrainerController.advance": {
                    "total": 94.87528099999969,
                    "count": 4692,
                    "self": 0.10627799999900844,
                    "children": {
                        "env_step": {
                            "total": 91.61363140000033,
                            "count": 4692,
                            "self": 86.59612999999966,
                            "children": {
                                "SubprocessEnvManager._take_step": {
                                    "total": 4.940949500000141,
                                    "count": 4692,
                                    "self": 0.2386394000000358,
                                    "children": {
                                        "TorchPolicy.evaluate": {
                                            "total": 4.702310100000105,
                                            "count": 4336,
                                            "self": 1.260016800000189,
                                            "children": {
                                                "TorchPolicy.sample_actions": {
                                                    "total": 3.442293299999916,
                                                    "count": 4336,
                                                    "self": 3.442293299999916
                                                }
                                            }
                                        }
                                    }
                                },
                                "workers": {
                                    "total": 0.0765519000005277,
                                    "count": 4691,
                                    "self": 0.0,
                                    "children": {
                                        "worker_root": {
                                            "total": 87.03910590000008,
                                            "count": 4691,
                                            "is_parallel": true,
                                            "self": 13.28147360000041,
                                            "children": {
                                                "steps_from_proto": {
                                                    "total": 0.00034290000000058996,
                                                    "count": 1,
                                                    "is_parallel": true,
                                                    "self": 0.00017750000000127386,
                                                    "children": {
                                                        "_process_rank_one_or_two_observation": {
                                                            "total": 0.0001653999999993161,
                                                            "count": 2,
                                                            "is_parallel": true,
                                                            "self": 0.0001653999999993161
                                                        }
                                                    }
                                                },
                                                "UnityEnvironment.step": {
                                                    "total": 73.75728939999966,
                                                    "count": 4691,
                                                    "is_parallel": true,
                                                    "self": 0.42216619999970817,
                                                    "children": {
                                                        "UnityEnvironment._generate_step_input": {
                                                            "total": 0.34186309999996745,
                                                            "count": 4691,
                                                            "is_parallel": true,
                                                            "self": 0.34186309999996745
                                                        },
                                                        "communicator.exchange": {
                                                            "total": 71.70240580000008,
                                                            "count": 4691,
                                                            "is_parallel": true,
                                                            "self": 71.70240580000008
                                                        },
                                                        "steps_from_proto": {
                                                            "total": 1.2908542999999089,
                                                            "count": 4691,
                                                            "is_parallel": true,
                                                            "self": 0.7545890999999374,
                                                            "children": {
                                                                "_process_rank_one_or_two_observation": {
                                                                    "total": 0.5362651999999715,
                                                                    "count": 9382,
                                                                    "is_parallel": true,
                                                                    "self": 0.5362651999999715
                                                                }
                                                            }
                                                        }
                                                    }
                                                }
                                            }
                                        }
                                    }
                                }
                            }
                        },
                        "trainer_advance": {
                            "total": 3.155371600000345,
                            "count": 4691,
                            "self": 0.145696400000066,
                            "children": {
                                "process_trajectory": {
                                    "total": 1.0720011000002838,
                                    "count": 4691,
                                    "self": 1.0720011000002838
                                },
                                "_update_policy": {
                                    "total": 1.9376740999999953,