{
    "name": "root",
    "gauges": {
        "FlappyBirdAgent.Policy.Entropy.mean": {
            "value": 0.36142536997795105,
            "min": 0.36142536997795105,
            "max": 0.6362510919570923,
            "count": 3
        },
        "FlappyBirdAgent.Policy.Entropy.sum": {
            "value": 3634.493408203125,
            "min": 3634.493408203125,
            "max": 6375.23583984375,
            "count": 3
        },
        "FlappyBirdAgent.Environment.EpisodeLength.mean": {
            "value": 33.57439446366782,
            "min": 11.945736434108527,
            "max": 33.57439446366782,
            "count": 3
        },
        "FlappyBirdAgent.Environment.EpisodeLength.sum": {
            "value": 9703.0,
            "min": 9246.0,
            "max": 9703.0,
            "count": 3
        },
        "FlappyBirdAgent.Step.mean": {
            "value": 29997.0,
            "min": 9997.0,
            "max": 29997.0,
            "count": 3
        },
        "FlappyBirdAgent.Step.sum": {
            "value": 29997.0,
            "min": 9997.0,
            "max": 29997.0,
            "count": 3
        },
        "FlappyBirdAgent.Policy.ExtrinsicValueEstimate.mean": {
            "value": 0.4904835522174835,
            "min": -0.37195461988449097,
            "max": 0.4904835522174835,
            "count": 3
        },
        "FlappyBirdAgent.Policy.ExtrinsicValueEstimate.sum": {
            "value": 163.82150268554688,
            "min": -288.26483154296875,
            "max": 163.82150268554688,
            "count": 3
        },
        "FlappyBirdAgent.Environment.CumulativeReward.mean": {
            "value": 0.7045860699538526,
            "min": -0.3722121746774478,
            "max": 0.7045860699538526,
            "count": 3
        },
        "FlappyBirdAgent.Environment.CumulativeReward.sum": {
            "value": 204.32996028661728,
            "min": -287.7200110256672,
            "max": 204.32996028661728,
            "count": 3
        },
        "FlappyBirdAgent.Policy.ExtrinsicReward.mean": {
            "value": 0.7045860699538526,
            "min": -0.3722121746774478,
            "max": 0.7045860699538526,
            "count": 3
        },
        "FlappyBirdAgent.Policy.ExtrinsicReward.sum": {
            "value": 204.32996028661728,
            "min": -287.7200110256672,
            "max": 204.32996028661728,
            "count": 3
        },
        "FlappyBirdAgent.Losses.PolicyLoss.mean": {
            "value": 0.10388755329380124,
            "min": 0.09540401308671183,
            "max": 0.10388755329380124,
            "count": 3
        },
        "FlappyBirdAgent.Losses.PolicyLoss.sum": {
            "value": 0.5194377664690062,
            "min": 0.3816160523468473,
            "max": 0.5194377664690062,
            "count": 3
        },
        "FlappyBirdAgent.Losses.ValueLoss.mean": {
            "value": 0.7611671416709821,
            "min": 0.07897830499859992,
            "max": 0.7611671416709821,
            "count": 3
        },
        "FlappyBirdAgent.Losses.ValueLoss.sum": {
            "value": 3.8058357083549104,
            "min": 0.3159132199943997,
            "max": 3.8058357083549104,
            "count": 3
        },
        "FlappyBirdAgent.Policy.LearningRate.mean": {
            "value": 0.00028518384493871995,
            "min": 0.00028518384493871995,
            "max": 0.00029691450102849995,
            "count": 3
        },
        "FlappyBirdAgent.Policy.LearningRate.sum": {
            "value": 0.0014259192246935998,
            "min": 0.0011876580041139998,
            "max": 0.0014568162143945998,
            "count": 3
        },
        "FlappyBirdAgent.Policy.Epsilon.mean": {
            "value": 0.19506128,
            "min": 0.19506128,
            "max": 0.19897150000000002,
            "count": 3
        },
        "FlappyBirdAgent.Policy.Epsilon.sum": {
            "value": 0.9753064,
            "min": 0.7958860000000001,
            "max": 0.9856054000000002,
            "count": 3
        },
        "FlappyBirdAgent.Policy.Beta.mean": {
            "value": 0.00047580027199999996,
            "min": 0.00047580027199999996,
            "max": 0.0004949603500000001,
            "count": 3
        },
        "FlappyBirdAgent.Policy.Beta.sum": {
            "value": 0.00237900136,
            "min": 0.0019798414000000005,
            "max": 0.00242946646,
            "count": 3
        },
        "FlappyBirdAgent.IsTraining.mean": {
            "value": 1.0,
            "min": 1.0,
            "max": 1.0,
            "count": 3
        },
        "FlappyBirdAgent.IsTraining.sum": {
            "value": 1.0,
            "min": 1.0,
            "max": 1.0,
            "count": 3
        }
    },
    "metadata": {
        "timer_format_version": "0.1.0",
        "start_time_seconds": "1741529829",
        "python_version": "3.8.20 (default, Oct  3 2024, 15:19:54) [MSC v.1929 64 bit (AMD64)]",
        "command_line_arguments": "C:\\Users\\ismet bal\\anaconda3\\envs\\flappy_env\\Scripts\\mlagents-learn config.yaml --run-id=flappy_slow_v9 --time-scale=0.2",
        "mlagents_version": "0.28.0",
        "mlagents_envs_version": "0.28.0",
        "communication_protocol_version": "1.5.0",
        "pytorch_version": "1.8.1+cpu",
        "numpy_version": "1.19.5",
        "end_time_seconds": "1741530319"
    },
    "total": 489.7937724,
    "count": 1,
    "self": 0.007830399999988913,
    "children": {
        "run_training.setup": {
            "total": 0.08680810000000005,
            "count": 1,
            "self": 0.08680810000000005
        },
        "TrainerController.start_learning": {
            "total": 489.69913390000005,
            "count": 1,
            "self": 0.7714886999982014,
            "children": {
                "TrainerController._reset_env": {
                    "total": 7.2637379,
                    "count": 1,
                    "self": 7.2637379
                },
                "TrainerController.advance": {
                    "total": 481.5252930000018,
                    "count": 31612,
                    "self": 0.7181550000042876,
                    "children": {
                        "env_step": {
                            "total": 461.5881702999995,
                            "count": 31612,
                            "self": 426.75364640000066,
                            "children": {
                                "SubprocessEnvManager._take_step": {
                                    "total": 34.31632830000069,
                                    "count": 31612,
                                    "self": 1.6769441999965053,
                                    "children": {
                                        "TorchPolicy.evaluate": {
                                            "total": 32.639384100004186,
                                            "count": 30358,
                                            "self": 8.84287600000339,
                                            "children": {
                                                "TorchPolicy.sample_actions": {
                                                    "total": 23.796508100000796,
                                                    "count": 30358,
                                                    "self": 23.796508100000796
                                                }
                                            }
                                        }
                                    }
                                },
                                "workers": {
                                    "total": 0.5181955999981458,
                                    "count": 31611,
                                    "self": 0.0,
                                    "children": {
                                        "worker_root": {
                                            "total": 419.9859229000036,