{
    "name": "root",
    "metadata": {
        "timer_format_version": "0.1.0",
        "start_time_seconds": "1741529171",
        "python_version": "3.8.20 (default, Oct  3 2024, 15:19:54) [MSC v.1929 64 bit (AMD64)]",
        "command_line_arguments": "C:\\Users\\ismet bal\\anaconda3\\envs\\flappy_env\\Scripts\\mlagents-learn config.yaml --run-id=flappy_slowv2 --time-scale=1",
        "mlagents_version": "0.28.0",
        "mlagents_envs_version": "0.28.0",
        "communication_protocol_version": "1.5.0",
        "pytorch_version": "1.8.1+cpu",
        "numpy_version": "1.19.5",
        "end_time_seconds": "1741529198"
    },
    "total": 27.6063927,
    "count": 1,
    "self": 0.00992079999999973,
    "children": {
        "run_training.setup": {
            "total": 0.09234319999999996,
            "count": 1,
            "self": 0.09234319999999996
        },
        "TrainerController.start_learning": {
            "total": 27.504128700000003,
            "count": 1,
            "self": 0.011516400000019189,
            "children": {
                "TrainerController._reset_env": {
                    "total": 6.950026,
                    "count": 1,
                    "self": 6.950026
                },
                "TrainerController.advance": {
                    "total": 20.409102599999983,
                    "count": 423,
                    "self": 0.009721399999982339,
                    "children": {
                        "env_step": {
                            "total": 20.059069500000014,
                            "count": 423,
                            "self": 19.656992599999974,
                            "children": {
                                "SubprocessEnvManager._take_step": {
                                    "total": 0.3950989000000451,
                                    "count": 423,
                                    "self": 0.02012780000004888,
                                    "children": {
                                        "TorchPolicy.evaluate": {
                                            "total": 0.3749710999999962,
                                            "count": 322,
                                            "self": 0.09613080000000096,
                                            "children": {
                                                "TorchPolicy.sample_actions": {
                                                    "total": 0.27884029999999527,
                                                    "count": 322,
                                                    "self": 0.27884029999999527
                                                }
                                            }
                                        }
                                    }
                                },
                                "workers": {
                                    "total": 0.006977999999994822,
                                    "count": 422,
                                    "self": 0.0,
                                    "children": {
                                        "worker_root": {
                                            "total": 5.909300699999987,
                                            "count": 422,
                                            "is_parallel": true,
                                            "self": 1.2607750999999698,
                                            "children": {
                                                "steps_from_proto": {
                                                    "total": 0.000350400000000306,
                                                    "count": 1,
                                                    "is_parallel": true,
                                                    "self": 0.00020250000000032742,
                                                    "children": {
                                                        "_process_rank_one_or_two_observation": {
                                                            "total": 0.0001478999999999786,
                                                            "count": 2,
                                                            "is_parallel": true,
                                                            "self": 0.0001478999999999786
                                                        }
                                                    }
                                                },
                                                "UnityEnvironment.step": {
                                                    "total": 4.648175200000017,
                                                    "count": 422,
                                                    "is_parallel": true,
                                                    "self": 0.04388419999997595,
                                                    "children": {
                                                        "UnityEnvironment._generate_step_input": {
                                                            "total": 0.04522260000002554,
                                                            "count": 422,
                                                            "is_parallel": true,
                                                            "self": 0.04522260000002554
                                                        },
                                                        "communicator.exchange": {
                                                            "total": 4.431927100000016,
                                                            "count": 422,
                                                            "is_parallel": true,
                                                            "self": 4.431927100000016
                                                        },
                                                        "steps_from_proto": {
                                                            "total": 0.127141299999999,
                                                            "count": 422,
                                                            "is_parallel": true,
                                                            "self": 0.06721890000001096,
                                                            "children": {
                                                                "_process_rank_one_or_two_observation": {
                                                                    "total": 0.05992239999998805,
                                                                    "count": 844,
                                                                    "is_parallel": true,
                                                                    "self": 0.05992239999998805
                                                                }
                                                            }
                                                        }
                                                    }
                                                }
                                            }
                                        }
                                    }
                                }
                            }
                        },
                        "trainer_advance": {
                            "total": 0.3403116999999849,
                            "count": 422,
                            "self": 0.01310569999998279,
                            "children": {
                                "process_trajectory": {
                                    "total": 0.3272060000000021,
                                    "count": 422,
                                    "self": 0.3272060000000021
                                }
                            }
                        }
                    }
                },