{
    "name": "root",
    "metadata": {
        "timer_format_version": "0.1.0",
        "start_time_seconds": "1741696873",
        "python_version": "3.8.20 (default, Oct  3 2024, 15:19:54) [MSC v.1929 64 bit (AMD64)]",
        "command_line_arguments": "C:\\Users\\ismet bal\\anaconda3\\envs\\flappy_env\\Scripts\\mlagents-learn config.yaml --run-id=flappy_genetic87 --time-scale=1",
        "mlagents_version": "0.28.0",
        "mlagents_envs_version": "0.28.0",
        "communication_protocol_version": "1.5.0",
        "pytorch_version": "1.8.1+cpu",
        "numpy_version": "1.19.5",
        "end_time_seconds": "1741696997"
    },
    "total": 123.8654573,
    "count": 1,
    "self": 10.007392999999993,
    "children": {
        "run_training.setup": {
            "total": 0.08694259999999998,
            "count": 1,
            "self": 0.08694259999999998
        },
        "TrainerController.start_learning": {
            "total": 113.77112170000001,
            "count": 1,
            "self": 0.11790479999970671,
            "children": {
                "TrainerController._reset_env": {
                    "total": 5.7161044,
                    "count": 1,
                    "self": 5.7161044
                },
                "TrainerController.advance": {
                    "total": 107.78780570000029,
                    "count": 4409,
                    "self": 0.10486500000051535,
                    "children": {
                        "env_step": {
                            "total": 99.0667637999997,
                            "count": 4409,
                            "self": 94.72061399999981,
                            "children": {
                                "SubprocessEnvManager._take_step": {
                                    "total": 4.2707599999999255,
                                    "count": 4411,
                                    "self": 0.20061319999973204,
                                    "children": {
                                        "TorchPolicy.evaluate": {
                                            "total": 4.0701468000001935,
                                            "count": 3235,
                                            "self": 0.9754436000001867,
                                            "children": {
                                                "TorchPolicy.sample_actions": {
                                                    "total": 3.0947032000000068,
                                                    "count": 3235,
                                                    "self": 3.0947032000000068
                                                }
                                            }
                                        }
                                    }
                                },
                                "workers": {
                                    "total": 0.0753897999999742,
                                    "count": 4408,
                                    "self": 0.0,
                                    "children": {
                                        "worker_root": {
                                            "total": 62.844832399999994,
                                            "count": 4408,
                                            "is_parallel": true,
                                            "self": 18.10542729999976,
                                            "children": {
                                                "steps_from_proto": {
                                                    "total": 0.0011057999999994905,
                                                    "count": 3,
                                                    "is_parallel": true,
                                                    "self": 0.0005848999999988891,
                                                    "children": {
                                                        "_process_rank_one_or_two_observation": {
                                                            "total": 0.0005209000000006014,
                                                            "count": 6,
                                                            "is_parallel": true,
                                                            "self": 0.0005209000000006014
                                                        }
                                                    }
                                                },
                                                "UnityEnvironment.step": {
                                                    "total": 44.738299300000236,
                                                    "count": 4408,
                                                    "is_parallel": true,
                                                    "self": 0.4507148000002559,
                                                    "children": {
                                                        "UnityEnvironment._generate_step_input": {
                                                            "total": 0.39827049999988606,
                                                            "count": 4408,
                                                            "is_parallel": true,
                                                            "self": 0.39827049999988606
                                                        },
                                                        "communicator.exchange": {
                                                            "total": 42.56344300000006,
                                                            "count": 4408,
                                                            "is_parallel": true,
                                                            "self": 42.56344300000006
                                                        },
                                                        "steps_from_proto": {
                                                            "total": 1.3258710000000287,
                                                            "count": 4408,
                                                            "is_parallel": true,
                                                            "self": 0.7243318000002548,
                                                            "children": {
                                                                "_process_rank_one_or_two_observation": {
                                                                    "total": 0.6015391999997739,
                                                                    "count": 8816,
                                                                    "is_parallel": true,
                                                                    "self": 0.6015391999997739
                                                                }
                                                            }
                                                        }
                                                    }
                                                }
                                            }
                                        }
                                    }
                                }
                            }
                        },
                        "trainer_advance": {
                            "total": 8.616176900000074,
                            "count": 4408,
                            "self": 0.14055800000009278,
                            "children": {
                                "process_trajectory": {
                                    "total": 2.6659657999999613,
                                    "count": 4408,
                                    "self": 2.6659657999999613
                                },