{
    "name": "root",
    "metadata": {
        "timer_format_version": "0.1.0",
        "start_time_seconds": "1741529770",
        "python_version": "3.8.20 (default, Oct  3 2024, 15:19:54) [MSC v.1929 64 bit (AMD64)]",
        "command_line_arguments": "C:\\Users\\ismet bal\\anaconda3\\envs\\flappy_env\\Scripts\\mlagents-learn config.yaml --run-id=flappyBirdRun_v7 --time-scale=4",
        "mlagents_version": "0.28.0",
        "mlagents_envs_version": "0.28.0",
        "communication_protocol_version": "1.5.0",
        "pytorch_version": "1.8.1+cpu",
        "numpy_version": "1.19.5",
        "end_time_seconds": "1741529784"
    },
    "total": 13.5721441,
    "count": 1,
    "self": 0.010204800000000347,
    "children": {
        "run_training.setup": {
            "total": 0.08362329999999996,
            "count": 1,
            "self": 0.08362329999999996
        },
        "TrainerController.start_learning": {
            "total": 13.478316,
            "count": 1,
            "self": 0.01519439999999328,
            "children": {
                "TrainerController._reset_env": {
                    "total": 5.6397382,
                    "count": 1,
                    "self": 5.6397382
                },
                "TrainerController.advance": {
                    "total": 7.716866900000005,
                    "count": 613,
                    "self": 0.013200400000066281,
                    "children": {
                        "env_step": {
                            "total": 7.558392899999954,
                            "count": 613,
                            "self": 6.922258999999969,
                            "children": {
                                "SubprocessEnvManager._take_step": {
                                    "total": 0.6266775000000138,
                                    "count": 613,
                                    "self": 0.029987300000032135,
                                    "children": {
                                        "TorchPolicy.evaluate": {
                                            "total": 0.5966901999999816,
                                            "count": 575,
                                            "self": 0.15986289999998426,
                                            "children": {
                                                "TorchPolicy.sample_actions": {
                                                    "total": 0.43682729999999736,
                                                    "count": 575,
                                                    "self": 0.43682729999999736
                                                }
                                            }
                                        }
                                    }
                                },
                                "workers": {
                                    "total": 0.009456399999971055,
                                    "count": 612,
                                    "self": 0.0,
                                    "children": {
                                        "worker_root": {
                                            "total": 4.92289719999999,
                                            "count": 612,
                                            "is_parallel": true,
                                            "self": 1.4274267999999832,
                                            "children": {
                                                "steps_from_proto": {
                                                    "total": 0.00030609999999953175,
                                                    "count": 1,
                                                    "is_parallel": true,
                                                    "self": 0.0001807000000004777,
                                                    "children": {
                                                        "_process_rank_one_or_two_observation": {
                                                            "total": 0.00012539999999905405,
                                                            "count": 2,
                                                            "is_parallel": true,
                                                            "self": 0.00012539999999905405
                                                        }
                                                    }
                                                },
                                                "UnityEnvironment.step": {
                                                    "total": 3.495164300000007,
                                                    "count": 612,
                                                    "is_parallel": true,
                                                    "self": 0.05084349999997695,
                                                    "children": {
                                                        "UnityEnvironment._generate_step_input": {
                                                            "total": 0.041138299999998296,
                                                            "count": 612,
                                                            "is_parallel": true,
                                                            "self": 0.041138299999998296
                                                        },
                                                        "communicator.exchange": {
                                                            "total": 3.244041800000028,
                                                            "count": 612,
                                                            "is_parallel": true,
                                                            "self": 3.244041800000028
                                                        },
                                                        "steps_from_proto": {
                                                            "total": 0.15914070000000358,
                                                            "count": 612,
                                                            "is_parallel": true,
                                                            "self": 0.09381610000001661,
                                                            "children": {
                                                                "_process_rank_one_or_two_observation": {
                                                                    "total": 0.06532459999998697,
                                                                    "count": 1224,
                                                                    "is_parallel": true,
                                                                    "self": 0.06532459999998697
                                                                }
                                                            }
                                                        }
                                                    }
                                                }
                                            }
                                        }
                                    }
                                }
                            }
                        },
                        "trainer_advance": {
                            "total": 0.14527359999998435,
                            "count": 612,
                            "self": 0.017251699999969894,
                            "children": {
                                "process_trajectory": {
                                    "total": 0.12802190000001445,
                                    "count": 612,
                                    "self": 0.12802190000001445
                                }
                            }
                        }
                    }
                },