{
    "name": "root",
    "metadata": {
        "timer_format_version": "0.1.0",
        "start_time_seconds": "1741528743",
        "python_version": "3.8.20 (default, Oct  3 2024, 15:19:54) [MSC v.1929 64 bit (AMD64)]",
        "command_line_arguments": "C:\\Users\\ismet bal\\anaconda3\\envs\\flappy_env\\Scripts\\mlagents-learn config.yaml --run-id=flappy_run_10",
        "mlagents_version": "0.28.0",
        "mlagents_envs_version": "0.28.0",
        "communication_protocol_version": "1.5.0",
        "pytorch_version": "1.8.1+cpu",
        "numpy_version": "1.19.5",
        "end_time_seconds": "1741528797"
    },
    "total": 54.5111238,
    "count": 1,
    "self": 0.00902470000000477,
    "children": {
        "run_training.setup": {
            "total": 0.08817049999999993,
            "count": 1,
            "self": 0.08817049999999993
        },
        "TrainerController.start_learning": {
            "total": 54.4139286,
            "count": 1,
            "self": 0.07618889999994849,
            "children": {
                "TrainerController._reset_env": {
                    "total": 7.1458022,
                    "count": 1,
                    "self": 7.1458022
                },
                "TrainerController.advance": {
                    "total": 47.04698640000005,
                    "count": 3044,
                    "self": 0.06858950000005137,
                    "children": {
                        "env_step": {
                            "total": 40.87069749999999,
                            "count": 3044,
                            "self": 38.162972599999904,
                            "children": {
                                "SubprocessEnvManager._take_step": {
                                    "total": 2.6591071000000284,
                                    "count": 3044,
                                    "self": 0.14492489999997993,
                                    "children": {
                                        "TorchPolicy.evaluate": {
                                            "total": 2.5141822000000484,
                                            "count": 2451,
                                            "self": 0.627082700000047,
                                            "children": {
                                                "TorchPolicy.sample_actions": {
                                                    "total": 1.8870995000000015,
                                                    "count": 2451,
                                                    "self": 1.8870995000000015
                                                }
                                            }
                                        }
                                    }
                                },
                                "workers": {
                                    "total": 0.048617800000055666,
                                    "count": 3043,
                                    "self": 0.0,
                                    "children": {
                                        "worker_root": {
                                            "total": 20.701822999999955,
                                            "count": 3043,
                                            "is_parallel": true,
                                            "self": 12.34086779999996,
                                            "children": {
                                                "steps_from_proto": {
                                                    "total": 0.00033789999999989107,
                                                    "count": 1,
                                                    "is_parallel": true,
                                                    "self": 0.000179799999998842,
                                                    "children": {
                                                        "_process_rank_one_or_two_observation": {
                                                            "total": 0.00015810000000104907,
                                                            "count": 2,
                                                            "is_parallel": true,
                                                            "self": 0.00015810000000104907
                                                        }
                                                    }
                                                },
                                                "UnityEnvironment.step": {
                                                    "total": 8.360617299999994,
                                                    "count": 3043,
                                                    "is_parallel": true,
                                                    "self": 0.28893869999995303,
                                                    "children": {
                                                        "UnityEnvironment._generate_step_input": {
                                                            "total": 0.3176701999999283,
                                                            "count": 3043,
                                                            "is_parallel": true,
                                                            "self": 0.3176701999999283
                                                        },
                                                        "communicator.exchange": {
                                                            "total": 6.7999234000001145,
                                                            "count": 3043,
                                                            "is_parallel": true,
                                                            "self": 6.7999234000001145
                                                        },
                                                        "steps_from_proto": {
                                                            "total": 0.9540849999999992,
                                                            "count": 3043,
                                                            "is_parallel": true,
                                                            "self": 0.5416051999998448,
                                                            "children": {
                                                                "_process_rank_one_or_two_observation": {
                                                                    "total": 0.4124798000001544,
                                                                    "count": 6086,
                                                                    "is_parallel": true,
                                                                    "self": 0.4124798000001544
                                                                }
                                                            }
                                                        }
                                                    }
                                                }
                                            }
                                        }
                                    }
                                }
                            }
                        },
                        "trainer_advance": {
                            "total": 6.10769940000001,
                            "count": 3043,
                            "self": 0.08359789999988188,
                            "children": {
                                "process_trajectory": {
                                    "total": 2.089406900000128,
                                    "count": 3043,
                                    "self": 2.089406900000128
                                },
                                "_update_policy": {
                                    "total": 3.9346946000000003,